Workbook
Name EngMaths: '[1]Table 19 data'!$A$205:$A$206
Name EngMaths: 'Table 19 data'!$A$205:$A$206
Name Gender: '[1]Table 16 data'!$B$170:$B$172
Name Gender: 'Table 16 data'!$B$170:$B$172
Name qa: '[2]Table 16 data'!$B$3:$AI$167
Name T16Percentage: '[1]Table 16 data'!$B$3:$AI$167
Name T16Percentage: 'Table 16 data'!$B$3:$AI$167
Name Table17dropdown: '[1]Table 16 data'!$B$175:$B$176
Name Table17dropdown: 'Table 16 data'!$B$175:$B$176

Sheet Index
A1: GCSE AND EQUIVALENT RESULTS IN ENGLAND 2012/13 (REVISED)
A3: Index of tables
A5: National tables
A6: Table 7 | B6: GCSE entries and achievements in selected subjects of pupils at the end of key stage 4 in schools (number)
A7: Table 8 | B7: GCSE entries and achievements in selected subjects of pupils at the end of key stage 4 in schools (percentage of pupils entering the subject)
A8: Table 9 | B8: GCSE entries and achievements in selected subjects of pupils at the end of key stage 4 in schools (percentage of all pupils)
A9: Table 10a | B9: GCSE entries in selected subjects by pupils at the end of key stage 4 by school type (percentage)
A10: Table 10b | B10: GCSE entries in selected subjects by pupils at the end of key stage 4 by admissions basis (percentage)
A11: Table 11 | B11: GCSE results of pupils at the end of key stage 4 in schools, by subject and grade
A12: Table 12 | B12: International GCSE, Cambridge International Certificate and Edexcel Level1/2 Certificate results of pupils at the end of key stage 4 in schools, by subject and grade
A13: Table 13 | B13: Results of GCSEs in Applied subjects of pupils at the end of key stage 4 in schools, by subject and grade
A14: Table 14 | B14: GCSE (Short Course) results of pupils at the end of key stage 4 in all schools, by subject and grade
A15: Table 15 | B15: Other Qualification results of pupils at the end of key stage 4 in all schools, by type of qualification
A17: Local Authority tables
A18: Table 16 | B18: GCSE and equivalent results of pupils at the end of key stage 4 by gender for each local authority and region
A19: Table 17 | B19: GCSE and equivalent results of pupils at the end of key stage 4 for each local authority and region, 2005/06 to 2012/13
A20: Table 18 | B20: The English Baccalaureate by local authority and region
A21: Table 19 | B21: Percentage of pupils in state-funded mainstream schools making expected progress in English and mathematics between key stage 2 and key stage 4, by local authority and region, 2008/09 to 2012/13
A22: Table 20 | B22: Percentage of pupils in state-funded schools making expected progress in English and mathematics between key stage 2 and key stage 4, by local authority and region, 2008/09 to 2012/13
A23: Table 21 | B23: Number of schools below the floor standard by local authority and region

Sheet Table 7
A1: Table 7: GCSE entries and achievements1 in selected subjects of pupils at the end of key stage 4 in schools (number)
A2: Year: 2012/132 (Revised)
A3: Coverage: England
L4: Pupils (thousands)
B5: Entered GCSE | F5: Achieved grades A*-C | J5: Achieved grades A*-G
B6: Boys | C6: Girls | D6: Total | F6: Boys | G6: Girls | H6: Total | J6: Boys | K6: Girls | L6: Total
A8: Any Subject | B8: 314.8 | C8: 304.9 | D8: 619.6 | F8: 257.3 | G8: 268.2 | H8: 525.5 | J8: 311.9 | K8: 303.1 | L8: 615
A10: English & Mathematics | B10: 269.1 | C10: 270.3 | D10: 539.3 | F10: 158.3 | G10: 185.8 | H10: 344.1 | J10: 264.3 | K10: 266.2 | L10: 530.5
A11: Mathematics & Science | B11: 232.6 | C11: 234.2 | D11: 466.9 | F11: 159.5 | G11: 168.7 | H11: 328.2 | J11: 229.3 | K11: 231.4 | L11: 460.7
A12: English, Mathematics & Science | B12: 215.6 | C12: 221.7 | D12: 437.4 | F12: 133.5 | G12: 156.5 | H12: 290 | J12: 212.8 | K12: 219.4 | L12: 432.1
A14: English3 | B14: 274.7 | C14: 276.1 | D14: 550.8 | F14: 174.1 | G14: 215.3 | H14: 389.3 | J14: 272.6 | K14: 274.9 | L14: 547.5
A15: English | B15: 86.9 | C15: 59.7 | D15: 146.6 | F15: 28.6 | G15: 26.7 | H15: 55.3 | J15: 85.3 | K15: 58.9 | L15: 144.2
A16: English Language4 | B16: 187.8 | C16: 216.4 | D16: 404.2 | F16: 145.5 | G16: 188.6 | H16: 334.1 | J16: 187.3 | K16: 216 | L16: 403.3
A18: Mathematics | B18: 297.3 | C18: 290.5 | D18: 587.8 | F18: 214.9 | G18: 212.6 | H18: 427.5 | J18: 291.5 | K18: 285.5 | L18: 577.1
A20: Any Science | B20: 239.4 | C20: 240.9 | D20: 480.3 | F20: 170.5 | G20: 181.9 | H20: 352.4 | J20: 236.9 | K20: 238.8 | L20: 475.7
A21: Core Science | B21: 158.4 | C21: 163.6 | D21: 322 | F21: 89.8 | G21: 103.8 | H21: 193.5 | J21: 155.8 | K21: 161.5 | L21: 317.2
A22: Additional Science | B22: 119.6 | C22: 128.9 | D22: 248.5 | F22: 74 | G22: 88.1 | H22: 162.1 | J22: 118.4 | K22: 128 | L22: 246.4
A23: Additional Applied Science | B23: 5.7 | C23: 6.1 | D23: 11.8 | F23: 1.5 | G23: 2.4 | H23: 3.9 | J23: 5.5 | K23: 6 | L23: 11.5
... A66: Applied Art and Design | B66: 0.4 | C66: 0.7 | D66: 1.1 | F66: 0.2 | G66: 0.5 | H66: 0.8 | J66: 0.4 | K66: 0.7 | L66: 1
A67: Applied Physical Education | B67: . | C67: . | D67: . | F67: . | G67: . | H67: . | J67: . | K67: . | L67: .
A68: Art and Design | B68: 52.2 | C68: 104.2 | D68: 156.5 | F68: 33.9 | G68: 86.7 | H68: 120.5 | J68: 51.4 | K68: 103.6 | L68: 155
A69: Communication Studies | B69: 4.1 | C69: 4.9 | D69: 9 | F69: 2 | G69: 3.5 | H69: 5.5 | J69: 4 | K69: 4.9 | L69: 8.8
A70: Construction | B70: 0 | C70: 0 | D70: 0 | F70: 0 | G70: 0 | H70: 0 | J70: 0 | K70: 0 | L70: 0
A71: Drama | B71: 27.1 | C71: 42.6 | D71: 69.8 | F71: 17.9 | G71: 33.1 | H71: 51 | J71: 26.9 | K71: 42.4 | L71: 69.2
A72: English Literature | B72: 197.8 | C72: 224 | D72: 421.8 | F72: 140.5 | G72: 186.9 | H72: 327.5 | J72: 195.6 | K72: 222.6 | L72: 418.2
A73: English Studies | B73: 1.1 | C73: 1 | D73: 2.1 | F73: 0.4 | G73: 0.5 | H73: 0.9 | J73: 1.1 | K73: 1 | L73: 2.1
A74: General Studies | B74: 2.5 | C74: 2.4 | D74: 4.9 | F74: 1 | G74: 1.3 | H74: 2.2 | J74: 2.2 | K74: 2.3 | L74: 4.5
A75: Health and Social Care | B75: 0.4 | C75: 7.4 | D75: 7.8 | F75: 0.1 | G75: 4 | H75: 4.2 | J75: 0.4 | K75: 7.2 | L75: 7.5
A76: Hospitality and Catering | B76: 0.7 | C76: 1.3 | D76: 2 | F76: 0.3 | G76: 0.9 | H76: 1.2 | J76: 0.7 | K76: 1.3 | L76: 2
A77: Leisure and Tourism | B77: 1.1 | C77: 1.4 | D77: 2.5 | F77: 0.3 | G77: 0.7 | H77: 1 | J77: 1 | K77: 1.3 | L77: 2.4
A78: Manufacturing | B78: 0.1 | C78: 0 | D78: 0.1 | F78: 0 | G78: 0 | H78: 0 | J78: 0.1 | K78: 0 | L78: 0.1
A79: Media/Film/TV | B79: 24.1 | C79: 24.6 | D79: 48.7 | F79: 13.5 | G79: 18.6 | H79: 32.1 | J79: 23.6 | K79: 24.3 | L79: 48
A80: Media: Communication and Production | B80: . | C80: . | D80: . | F80: . | G80: . | H80: . | J80: . | K80: . | L80: .
A81: Music | B81: 20.7 | C81: 20.6 | D81: 41.3 | F81: 15.3 | G81: 16.3 | H81: 31.6 | J81: 20.4 | K81: 20.4 | L81: 40.8
A82: Performing Arts | B82: 0.9 | C82: 2.1 | D82: 3.1 | F82: 0.4 | G82: 1.4 | H82: 1.9 | J82: 0.9 | K82: 2.1 | L82: 3
A83: Physical Education | B83: 60.9 | C83: 40.7 | D83: 101.6 | F83: 43 | G83: 29 | H83: 72 | J83: 60.8 | K83: 40.5 | L83: 101.3
A84: Religious Studies | B84: 104.9 | C84: 124.1 | D84: 229 | F84: 70.2 | G84: 98.4 | H84: 168.6 | J84: 102.3 | K84: 122.7 | L84: 225
A85: Statistics | B85: 23.2 | C85: 21.2 | D85: 44.5 | F85: 17.5 | G85: 17.1 | H85: 34.6 | J85: 22.7 | K85: 20.8 | L85: 43.5
A86: Vocational Studies | B86: 15.8 | C86: 17.1 | D86: 32.9 | F86: 8.4 | G86: 11.9 | H86: 20.3 | J86: 15.5 | K86: 16.9 | L86: 32.5
L88: Source: 2012/13 key stage 4 attainment data (Revised)
A89: 1. For each subject group only one attempt is counted. Where subjects have been combined into a group (e.g. other modern languages) and a pupil has an entry in two or more of those subjects, the entry with the best result is counted.
A90: 2. Includes entries and achievements by these pupils in previous academic years.
A91: 3. The English and English Language subject lines may not add up to the overall English figure due to rounding.
A92: 4. English language includes entries and achievements in legacy 'English' GCSEs.
A93: 5. Includes double award science and applied science.
A94: 6. Includes all other combined syllabus of which design and technology is the major part.
A95: 7. Also includes computer studies, information systems and any combined syllabus of which information technology is the major part.
A97: . Not applicable.
A99: Single award subjects previously in table 13 (prior to 2011/12) are shown in italics; motor vehicle studies is grouped with other design and technology; catering studies is grouped with vocational studies.

Sheet Table 8
A1: Table 8: GCSE entries and achievements1 in selected subjects of pupils at the end of key stage 4 in schools (percentage of pupils entering the subject)
A2: Year: 2012/132 (Revised)
A3: Coverage: England
C4: Thousands | D4: As a percentage of pupils at the end of key stage 4 entering the subject
B5: Entered GCSE | F5: Achieved grades A*-C | J5: Achieved grades A*-G
B6: Boys | C6: Girls | D6: Total | F6: Boys | G6: Girls | H6: Total | J6: Boys | K6: Girls | L6: Total
A8: Any Subject | B8: 314.8 | C8: 304.9 | D8: 619.6 | F8: 82 | G8: 88 | H8: 85 | J8: 99 | K8: 99 | L8: 99
A10: English & Mathematics | B10: 269.1 | C10: 270.3 | D10: 539.3 | F10: 59 | G10: 69 | H10: 64 | J10: 98 | K10: 99 | L10: 98
A11: Mathematics & Science | B11: 232.6 | C11: 234.2 | D11: 466.9 | F11: 69 | G11: 72 | H11: 70 | J11: 99 | K11: 99 | L11: 99
A12: English, Mathematics & Science | B12: 215.6 | C12: 221.7 | D12: 437.4 | F12: 62 | G12: 71 | H12: 66 | J12: 99 | K12: 99 | L12: 99
A14: English3 | B14: 274.7 | C14: 276.1 | D14: 550.8 | F14: 63 | G14: 78 | H14: 71 | J14: 99 | K14: 100 | L14: 99
A15: English | B15: 86.9 | C15: 59.7 | D15: 146.6 | F15: 33 | G15: 45 | H15: 38 | J15: 98 | K15: 99 | L15: 98
A16: English Language4 | B16: 187.8 | C16: 216.4 | D16: 404.2 | F16: 77 | G16: 87 | H16: 83 | J16: 100 | K16: 100 | L16: 100
A18: Mathematics | B18: 297.3 | C18: 290.5 | D18: 587.8 | F18: 72 | G18: 73 | H18: 73 | J18: 98 | K18: 98 | L18: 98
A20: Any Science | B20: 239.4 | C20: 240.9 | D20: 480.3 | F20: 71 | G20: 76 | H20: 73 | J20: 99 | K20: 99 | L20: 99
A21: Core Science | B21: 158.4 | C21: 163.6 | D21: 322 | F21: 57 | G21: 63 | H21: 60 | J21: 98 | K21: 99 | L21: 99
A22: Additional Science | B22: 119.6 | C22: 128.9 | D22: 248.5 | F22: 62 | G22: 68 | H22: 65 | J22: 99 | K22: 99 | L22: 99
A23: Additional Applied Science | B23: 5.7 | C23: 6.1 | D23: 11.8 | F23: 27 | G23: 38 | H23: 33 | J23: 96 | K23: 98 | L23: 97
... A66: Applied Art and Design | B66: 0.4 | C66: 0.7 | D66: 1.1 | F66: 57 | G66: 80 | H66: 71 | J66: 99 | K66: 99 | L66: 99
A67: Applied Physical Education | B67: . | C67: . | D67: . | F67: . | G67: . | H67: . | J67: . | K67: . | L67: .
A68: Art and Design | B68: 52.2 | C68: 104.2 | D68: 156.5 | F68: 65 | G68: 83 | H68: 77 | J68: 98 | K68: 99 | L68: 99
A69: Communication Studies | B69: 4.1 | C69: 4.9 | D69: 9 | F69: 49 | G69: 71 | H69: 61 | J69: 97 | K69: 99 | L69: 98
A70: Construction | B70: 0 | C70: 0 | D70: 0 | F70: 51 | G70: 0 | H70: 51 | J70: 98 | K70: 0 | L70: 98
A71: Drama | B71: 27.1 | C71: 42.6 | D71: 69.8 | F71: 66 | G71: 78 | H71: 73 | J71: 99 | K71: 99 | L71: 99
A72: English Literature | B72: 197.8 | C72: 224 | D72: 421.8 | F72: 71 | G72: 83 | H72: 78 | J72: 99 | K72: 99 | L72: 99
A73: English Studies | B73: 1.1 | C73: 1 | D73: 2.1 | F73: 37 | G73: 51 | H73: 43 | J73: 98 | K73: 99 | L73: 98
A74: General Studies | B74: 2.5 | C74: 2.4 | D74: 4.9 | F74: 38 | G74: 53 | H74: 46 | J74: 89 | K74: 95 | L74: 92
A75: Health and Social Care | B75: 0.4 | C75: 7.4 | D75: 7.8 | F75: 31 | G75: 55 | H75: 54 | J75: 90 | K75: 98 | L75: 97
A76: Hospitality and Catering | B76: 0.7 | C76: 1.3 | D76: 2 | F76: 43 | G76: 66 | H76: 58 | J76: 99 | K76: 100 | L76: 100
A77: Leisure and Tourism | B77: 1.1 | C77: 1.4 | D77: 2.5 | F77: 29 | G77: 52 | H77: 41 | J77: 91 | K77: 96 | L77: 94
A78: Manufacturing | B78: 0.1 | C78: 0 | D78: 0.1 | F78: 31 | G78: 29 | H78: 30 | J78: 98 | K78: 93 | L78: 97
A79: Media/Film/TV | B79: 24.1 | C79: 24.6 | D79: 48.7 | F79: 56 | G79: 76 | H79: 66 | J79: 98 | K79: 99 | L79: 98
A80: Media: Communication and Production | B80: . | C80: . | D80: . | F80: . | G80: . | H80: . | J80: . | K80: . | L80: .
A81: Music | B81: 20.7 | C81: 20.6 | D81: 41.3 | F81: 74 | G81: 79 | H81: 77 | J81: 99 | K81: 99 | L81: 99
A82: Performing Arts | B82: 0.9 | C82: 2.1 | D82: 3.1 | F82: 47 | G82: 67 | H82: 61 | J82: 97 | K82: 99 | L82: 98
A83: Physical Education | B83: 60.9 | C83: 40.7 | D83: 101.6 | F83: 71 | G83: 71 | H83: 71 | J83: 100 | K83: 100 | L83: 100
A84: Religious Studies | B84: 104.9 | C84: 124.1 | D84: 229 | F84: 67 | G84: 79 | H84: 74 | J84: 98 | K84: 99 | L84: 98
A85: Statistics | B85: 23.2 | C85: 21.2 | D85: 44.5 | F85: 75 | G85: 81 | H85: 78 | J85: 98 | K85: 98 | L85: 98
A86: Vocational Studies | B86: 15.8 | C86: 17.1 | D86: 32.9 | F86: 53 | G86: 70 | H86: 62 | J86: 98 | K86: 99 | L86: 99
L88: Source: 2012/13 key stage 4 attainment data (Revised)
A89: 1. For each subject group only one attempt is counted. Where subjects have been combined into a group (e.g. other modern languages) and a pupil has an entry in two or more of those subjects, the entry with the best result is counted.
A90: 2. Includes entries and achievements by these pupils in previous academic years.
A91: 3. The English and English Language subject lines may not add up to the overall English figure due to rounding.
A92: 4. English language includes entries and achievements in legacy 'English' GCSEs.
A93: 5. Includes double award science and applied science.
A94: 6. Includes all other combined syllabus of which design and technology is the major part.
A95: 7. Also includes computer studies, information systems and any combined syllabus of which information technology is the major part.
A97: . Not applicable.
A99: Single award subjects previously in table 13 (prior to 2011/12) are shown in italics; motor vehicle studies is grouped with other design and technology; catering studies is grouped with vocational studies.

Sheet Table 9
A1: Table 9: GCSE entries and achievements1 in selected subjects of pupils at the end of key stage 4 in schools (percentage of all pupils)
A2: Year: 2012/132 (Revised)
A3: Coverage: England
F4: As a percentage of pupils at the end of key stage 4 in all schools3
B5: Entered GCSE | F5: Achieved grades A*-C | J5: Achieved grades A*-G
B6: Boys | C6: Girls | D6: Total | F6: Boys | G6: Girls | H6: Total | J6: Boys | K6: Girls | L6: Total
A8: Any Subject (Thousands) | B8: 314.8 | C8: 304.9 | D8: 619.6 | F8: 257.3 | G8: 268.2 | H8: 525.5 | J8: 311.9 | K8: 303.1 | L8: 615
A9: Any Subject | B9: 97 | C9: 99 | D9: 98 | F9: 79 | G9: 87 | H9: 83 | J9: 96 | K9: 98 | L9: 97
A11: English & Mathematics | B11: 83 | C11: 88 | D11: 85 | F11: 49 | G11: 60 | H11: 54 | J11: 82 | K11: 86 | L11: 84
A12: Mathematics & Science | B12: 72 | C12: 76 | D12: 74 | F12: 49 | G12: 55 | H12: 52 | J12: 71 | K12: 75 | L12: 73
A13: English, Mathematics & Science | B13: 67 | C13: 72 | D13: 69 | F13: 41 | G13: 51 | H13: 46 | J13: 66 | K13: 71 | L13: 68
A15: English4 | B15: 85 | C15: 89 | D15: 87 | F15: 54 | G15: 70 | H15: 62 | J15: 84 | K15: 89 | L15: 87
A16: English | B16: 27 | C16: 19 | D16: 23 | F16: 9 | G16: 9 | H16: 9 | J16: 26 | K16: 19 | L16: 23
A17: English Language5 | B17: 58 | C17: 70 | D17: 64 | F17: 45 | G17: 61 | H17: 53 | J17: 58 | K17: 70 | L17: 64
A19: Mathematics | B19: 92 | C19: 94 | D19: 93 | F19: 66 | G19: 69 | H19: 68 | J19: 90 | K19: 92 | L19: 91
A21: Any Science | B21: 74 | C21: 78 | D21: 76 | F21: 53 | G21: 59 | H21: 56 | J21: 73 | K21: 77 | L21: 75
A22: Core Science | B22: 49 | C22: 53 | D22: 51 | F22: 28 | G22: 34 | H22: 31 | J22: 48 | K22: 52 | L22: 50
A23: Additional Science | B23: 37 | C23: 42 | D23: 39 | F23: 23 | G23: 29 | H23: 26 | J23: 37 | K23: 41 | L23: 39
... A67: Applied Art and Design | B67: 0 | C67: 0 | D67: 0 | F67: 0 | G67: 0 | H67: 0 | J67: 0 | K67: 0 | L67: 0
A68: Applied Physical Education | B68: . | C68: . | D68: . | E68: . | F68: . | G68: . | H68: . | I68: . | J68: . | K68: . | L68: .
A69: Art and Design | B69: 16 | C69: 34 | D69: 25 | F69: 10 | G69: 28 | H69: 19 | J69: 16 | K69: 34 | L69: 24
A70: Communication Studies | B70: 1 | C70: 2 | D70: 1 | F70: 1 | G70: 1 | H70: 1 | J70: 1 | K70: 2 | L70: 1
A71: Construction | B71: 0 | C71: 0 | D71: 0 | F71: 0 | G71: 0 | H71: 0 | J71: 0 | K71: 0 | L71: 0
A72: Drama | B72: 8 | C72: 14 | D72: 11 | F72: 6 | G72: 11 | H72: 8 | J72: 8 | K72: 14 | L72: 11
A73: English Literature | B73: 61 | C73: 73 | D73: 67 | F73: 43 | G73: 61 | H73: 52 | J73: 60 | K73: 72 | L73: 66
A74: English Studies | B74: 0 | C74: 0 | D74: 0 | F74: 0 | G74: 0 | H74: 0 | J74: 0 | K74: 0 | L74: 0
A75: General Studies | B75: 1 | C75: 1 | D75: 1 | F75: 0 | G75: 0 | H75: 0 | J75: 1 | K75: 1 | L75: 1
A76: Health and Social Care | B76: 0 | C76: 2 | D76: 1 | F76: 0 | G76: 1 | H76: 1 | J76: 0 | K76: 2 | L76: 1
A77: Hospitality and Catering | B77: 0 | C77: 0 | D77: 0 | F77: 0 | G77: 0 | H77: 0 | J77: 0 | K77: 0 | L77: 0
A78: Leisure and Tourism | B78: 0 | C78: 0 | D78: 0 | F78: 0 | G78: 0 | H78: 0 | J78: 0 | K78: 0 | L78: 0
A79: Manufacturing | B79: 0 | C79: 0 | D79: 0 | F79: 0 | G79: 0 | H79: 0 | J79: 0 | K79: 0 | L79: 0
A80: Media/Film/TV | B80: 7 | C80: 8 | D80: 8 | F80: 4 | G80: 6 | H80: 5 | J80: 7 | K80: 8 | L80: 8
A81: Media: Communication and Production | B81: . | C81: . | D81: . | F81: . | G81: . | H81: . | J81: . | K81: . | L81: .
A82: Music | B82: 6 | C82: 7 | D82: 7 | F82: 5 | G82: 5 | H82: 5 | J82: 6 | K82: 7 | L82: 6
A83: Performing Arts | B83: 0 | C83: 1 | D83: 0 | F83: 0 | G83: 0 | H83: 0 | J83: 0 | K83: 1 | L83: 0
A84: Physical Education | B84: 19 | C84: 13 | D84: 16 | F84: 13 | G84: 9 | H84: 11 | J84: 19 | K84: 13 | L84: 16
A85: Religious Studies | B85: 32 | C85: 40 | D85: 36 | F85: 22 | G85: 32 | H85: 27 | J85: 32 | K85: 40 | L85: 36
A86: Statistics | B86: 7 | C86: 7 | D86: 7 | F86: 5 | G86: 6 | H86: 5 | J86: 7 | K86: 7 | L86: 7
A87: Vocational Studies | B87: 5 | C87: 6 | D87: 5 | F87: 3 | G87: 4 | H87: 3 | J87: 5 | K87: 5 | L87: 5
L89: Source: 2012/13 key stage 4 attainment data (Revised)
A90: 1. For each subject group only one attempt is counted. Where subjects have been combined into a group (e.g.other modern languages) and a pupil has an entry in two or more of those subjects, the entry with the best result is counted.
A91: 2. Includes entries and achievements by these pupils in previous academic years.
A92: 3. Some zero percentages will represent small numbers due to rounding.
A93: 4. The English and English language subject lines may not add up to the overall English figure due to rounding.
A94: 5. English language includes entries and achievements in legacy 'English' GCSEs.
A95: 6. Includes double award science and applied science.
A96: 7. Includes all other combined syllabus of which design and technology is the major part.
A97: 8. Also includes computer studies, information systems and any combined syllabus of which information technology is the major part.
A99: . Not applicable.
A101: Single award subjects previously in table 13 (prior to 2011/12) are shown in italics; motor vehicle studies is grouped with other design and technology; catering studies is grouped with vocational studies.

Sheet Table 10a
A1: Table 10a: GCSE entries in selected subjects by pupils at the end of key stage 4 by school type (percentage)
A2: Year: 2012/131 (Revised)
A3: Coverage: England
Q4: As a percentage of pupils at the end of key stage 4 in each school type2
B5: All state-funded mainstream schools3 | C5: Local authority maintained mainstream schools4 | D5: Academies and free schools5 | E5: Sponsored academies | F5: Converter academies | G5: Free schools, university technical colleges (UTCs) and studio schools | H5: State-funded special schools6 | I5: All state-funded schools7 | J5: Hospital schools and alternative provision including academy and free school alternative provision and pupil referral units | K5: All state-funded schools, hospital schools and alternative provision including academy and free school alternative provision and pupil referral units | L5: Non-maintained special schools | M5: Independent schools | N5: Independent special schools | O5: All independent schools8 | P5: All special schools | Q5: All schools
A7: Any Subject | B7: 100 | C7: 100 | D7: 100 | E7: 99 | F7: 100 | G7: 99 | H7: 34 | I7: 98 | J7: 61 | K7: 98 | L7: 49 | M7: 95 | N7: 50 | O7: 92 | P7: 38 | Q7: 97
A9: English & Mathematics | B9: 92 | C9: 93 | D9: 91 | E9: 85 | F9: 92 | G9: 88 | H9: 13 | I9: 90 | J9: 30 | K9: 89 | L9: 25 | M9: 39 | N9: 28 | O9: 38 | P9: 16 | Q9: 85
A10: Mathematics & Science | B10: 79 | C10: 79 | D10: 79 | E10: 63 | F10: 83 | G10: 80 | H10: 12 | I10: 78 | J10: 25 | K10: 77 | L10: 28 | M10: 38 | N10: 29 | O10: 37 | P10: 16 | Q10: 74
A11: English, Mathematics & Science | B11: 75 | C11: 75 | D11: 74 | E11: 55 | F11: 79 | G11: 75 | H11: 8 | I11: 73 | J11: 17 | K11: 72 | L11: 22 | M11: 32 | N11: 22 | O11: 31 | P11: 11 | Q11: 69
A13: English9 | B13: 93 | C13: 93 | D13: 92 | E13: 86 | F13: 94 | G13: 88 | H13: 15 | I13: 91 | J13: 32 | K13: 90 | L13: 27 | M13: 50 | N13: 33 | O13: 49 | P13: 19 | Q13: 87
A14: English | B14: 25 | C14: 25 | D14: 24 | E14: 40 | F14: 20 | G14: 34 | H14: 14 | I14: 25 | J14: 25 | K14: 25 | L14: 18 | M14: 5 | N14: 26 | O14: 6 | P14: 16 | Q14: 23
A15: English Language10 | B15: 68 | C15: 68 | D15: 67 | E15: 46 | F15: 74 | G15: 54 | H15: 2 | I15: 67 | J15: 6 | K15: 66 | L15: 9 | M15: 45 | N15: 7 | O15: 43 | P15: 3 | Q15: 64
A17: Mathematics | B17: 98 | C17: 98 | D17: 98 | E17: 99 | F17: 98 | G17: 99 | H17: 23 | I17: 97 | J17: 56 | K17: 96 | L17: 38 | M17: 50 | N17: 41 | O17: 50 | P17: 27 | Q17: 93
A19: Any Science | B19: 80 | C19: 80 | D19: 80 | E19: 63 | F19: 84 | G19: 80 | H19: 17 | I19: 79 | J19: 28 | K19: 78 | L19: 32 | M19: 53 | N19: 32 | O19: 52 | P19: 20 | Q19: 76
A20: Core Science | B20: 54 | C20: 56 | D20: 52 | E20: 47 | F20: 53 | G20: 55 | H20: 16 | I20: 53 | J20: 26 | K20: 53 | L20: 29 | M20: 25 | N20: 30 | O20: 25 | P20: 19 | Q20: 51
A21: Additional Science | B21: 42 | C21: 44 | D21: 41 | E21: 33 | F21: 43 | G21: 51 | H21: 1 | I21: 42 | J21: 2 | K21: 41 | L21: 10 | M21: 21 | N21: 7 | O21: 20 | P21: 2 | Q21: 39
A22: Additional Applied Science | B22: 2 | C22: 2 | D22: 2 | E22: 1 | F22: 2 | G22: 0 | H22: 0 | I22: 2 | J22: 1 | K22: 2 | L22: x | M22: 0 | N22: 1 | O22: 0 | P22: 0 | Q22: 2
A23: Physics | B23: 25 | C23: 23 | D23: 26 | E23: 15 | F23: 30 | G23: 23 | H23: 0 | I23: 24 | J23: 0 | K23: 24 | L23: 1 | M23: 23 | N23: 0 | O23: 21 | P23: 0 | Q23: 24
A24: Chemistry | B24: 25 | C24: 23 | D24: 27 | E24: 15 | F24: 30 | G24: 23 | H24: 0 | I24: 24 | J24: 0 | K24: 24 | L24: 1 | M24: 25 | N24: 0 | O24: 23 | P24: 0 | Q24: 24
A25: Biological Sciences | B25: 25 | C25: 23 | D25: 27 | E25: 15 | F25: 30 | G25: 23 | H25: 0 | I25: 25 | J25: 1 | K25: 24 | L25: 1 | M25: 25 | N25: 1 | O25: 24 | P25: 1 | Q25: 24
A26: Other Sciences11 | B26: 1 | C26: 1 | D26: 1 | E26: 1 | F26: 1 | G26: 0 | H26: 0 | I26: 1 | J26: 0 | K26: 1 | L26: 1 | M26: 1 | N26: 0 | O26: 1 | P26: 0 | Q26: 1
A28: Any Design & Technology | B28: 33 | C28: 33 | D28: 33 | E28: 25 | F28: 35 | G28: 15 | H28: 5 | I28: 33 | J28: 2 | K28: 32 | L28: 15 | M28: 19 | N28: 7 | O28: 18 | P28: 5 | Q28: 31
A29: D & T: Electronic Products | B29: 1 | C29: 1 | D29: 2 | E29: 1 | F29: 2 | G29: 0 | H29: 0 | I29: 1 | J29: x | K29: 1 | L29: 0 | M29: 1 | N29: x | O29: 1 | P29: 0 | Q29: 1
A30: D & T: Food Technology | B30: 8 | C30: 8 | D30: 7 | E30: 6 | F30: 8 | G30: x | H30: 1 | I30: 7 | J30: 0 | K30: 7 | L30: 1 | M30: 2 | N30: 1 | O30: 2 | P30: 1 | Q30: 7
A31: D & T: Graphic Products | B31: 6 | C31: 6 | D31: 6 | E31: 4 | F31: 7 | G31: 1 | H31: 0 | I31: 6 | J31: 0 | K31: 6 | L31: 0 | M31: 2 | N31: 0 | O31: 2 | P31: 0 | Q31: 6
A32: D & T: Resistant Materials | B32: 8 | C32: 8 | D32: 8 | E32: 7 | F32: 9 | G32: 3 | H32: 3 | I32: 8 | J32: 1 | K32: 8 | L32: 15 | M32: 10 | N32: 5 | O32: 10 | P32: 4 | Q32: 8
A33: D & T: Systems & Control | B33: 1 | C33: 1 | D33: 1 | E33: 0 | F33: 1 | G33: 0 | H33: 0 | I33: 1 | J33: x | K33: 1 | L33: 0 | M33: 0 | N33: 0 | O33: 0 | P33: 0 | Q33: 1
A34: D & T: Textiles Technology | B34: 5 | C34: 5 | D34: 5 | E34: 3 | F34: 5 | G34: 1 | H34: 0 | I34: 5 | J34: 0 | K34: 5 | L34: 0 | M34: 2 | N34: 0 | O34: 2 | P34: 0 | Q34: 4
A35: Other Design and Technology12 | B35: 6 | C35: 6 | D35: 6 | E35: 6 | F35: 6 | G35: 10 | H35: 0 | I35: 6 | J35: 0 | K35: 6 | L35: 0 | M35: 3 | N35: 1 | O35: 3 | P35: 1 | Q35: 5
A36: Applied Engineering | B36: 0 | C36: 0 | D36: 0 | E36: 0 | F36: 1 | G36: 0 | H36: 0 | I36: 0 | J36: x | K36: 0 | L36: 0 | M36: 0 | N36: 0 | O36: 0 | P36: 0 | Q36: 0
A37: Information Technology13 | B37: 9 | C37: 9 | D37: 10 | E37: 6 | F37: 11 | G37: 27 | H37: 1 | I37: 9 | J37: 2 | K37: 9 | L37: 0 | M37: 10 | N37: 2 | O37: 9 | P37: 1 | Q37: 9
A38: Business Studies | B38: 11 | C38: 9 | D38: 12 | E38: 6 | F38: 14 | G38: 32 | H38: x | I38: 11 | J38: 0 | K38: 10 | L38: x | M38: 9 | N38: 1 | O38: 8 | P38: 0 | Q38: 10
A39: Applied Business | B39: 1 | C39: 1 | D39: 1 | E39: 0 | F39: 1 | G39: 0 | H39: 0 | I39: 1 | J39: 0 | K39: 1 | L39: 0 | M39: 0 | N39: 0 | O39: 0 | P39: 0 | Q39: 1
A40: Home Economics | B40: 4 | C40: 4 | D40: 4 | E40: 3 | F40: 4 | G40: 0 | H40: 1 | I40: 4 | J40: 1 | K40: 4 | L40: 2 | M40: 3 | N40: 2 | O40: 3 | P40: 1 | Q40: 4
A42: Geography | B42: 32 | C42: 32 | D42: 33 | E42: 22 | F42: 36 | G42: 35 | H42: 1 | I42: 32 | J42: 1 | K42: 31 | L42: 5 | M42: 39 | N42: 6 | O42: 37 | P42: 2 | Q42: 32
A43: History | B43: 38 | C43: 37 | D43: 39 | E43: 30 | F43: 42 | G43: 40 | H43: 1 | I43: 37 | J43: 1 | K43: 37 | L43: 5 | M43: 42 | N43: 5 | O43: 40 | P43: 2 | Q43: 37
A44: Humanities | B44: 2 | C44: 2 | D44: 2 | E44: 3 | F44: 2 | G44: 2 | H44: 0 | I44: 2 | J44: 1 | K44: 2 | L44: x | M44: 0 | N44: 1 | O44: 0 | P44: 1 | Q44: 2
A45: Economics | B45: 1 | C45: 0 | D45: 1 | E45: 1 | F45: 1 | G45: 0 | H45: x | I45: 1 | J45: x | K45: 1 | L45: 0 | M45: 1 | N45: x | O45: 1 | P45: x | Q45: 1
A46: Social Studies | B46: 7 | C46: 7 | D46: 7 | E46: 9 | F46: 7 | G46: 1 | H46: 0 | I46: 7 | J46: 1 | K46: 7 | L46: 0 | M46: 2 | N46: 1 | O46: 2 | P46: 0 | Q46: 7
A48: Any Modern Language | B48: 48 | C48: 46 | D48: 50 | E48: 33 | F48: 55 | G48: 44 | H48: 0 | I48: 47 | J48: 2 | K48: 46 | L48: 3 | M48: 63 | N48: 1 | O48: 60 | P48: 1 | Q48: 48
A49: Arabic | B49: 0 | C49: 0 | D49: 0 | E49: 1 | F49: 0 | G49: 0 | H49: x | I49: 0 | J49: 0 | K49: 0 | L49: 0 | M49: 2 | N49: 0 | O49: 2 | P49: 0 | Q49: 0
A50: Chinese | B50: 0 | C50: 0 | D50: 0 | E50: 0 | F50: 0 | G50: 0 | H50: 0 | I50: 0 | J50: 0 | K50: 0 | L50: 0 | M50: 2 | N50: x | O50: 2 | P50: x | Q50: 0
A51: French | B51: 26 | C51: 25 | D51: 27 | E51: 17 | F51: 30 | G51: 22 | H51: 0 | I51: 25 | J51: 1 | K51: 25 | L51: 3 | M51: 34 | N51: 1 | O51: 32 | P51: 0 | Q51: 26
A52: German | B52: 10 | C52: 9 | D52: 11 | E52: 4 | F52: 13 | G52: 8 | H52: x | I52: 10 | J52: 0 | K52: 9 | L52: 0 | M52: 10 | N52: x | O52: 10 | P52: 0 | Q52: 10
A53: Italian | B53: 1 | C53: 0 | D53: 1 | E53: 0 | F53: 1 | G53: 0 | H53: 0 | I53: 1 | J53: 0 | K53: 1 | L53: 0 | M53: 2 | N53: 0 | O53: 2 | P53: 0 | Q53: 1
A54: Polish | B54: 1 | C54: 1 | D54: 0 | E54: 1 | F54: 0 | G54: x | H54: x | I54: 0 | J54: 0 | K54: 0 | L54: 0 | M54: 0 | N54: 0 | O54: 0 | P54: x | Q54: 0
A55: Spanish | B55: 13 | C55: 12 | D55: 14 | E55: 11 | F55: 14 | G55: 14 | H55: 0 | I55: 13 | J55: 0 | K55: 12 | L55: x | M55: 21 | N55: x | O55: 19 | P55: 0 | Q55: 13
A56: Urdu | B56: 1 | C56: 1 | D56: 0 | E56: 1 | F56: 0 | G56: 0 | H56: x | I56: 1 | J56: 0 | K56: 1 | L56: 0 | M56: 2 | N56: 0 | O56: 2 | P56: x | Q56: 1
A57: Other Modern Languages | B57: 1 | C57: 1 | D57: 1 | E57: 2 | F57: 1 | G57: x | H57: x | I57: 1 | J57: 0 | K57: 1 | L57: 0 | M57: 3 | N57: x | O57: 3 | P57: 0 | Q57: 1
A59: Any Classical Study | B59: 1 | C59: 1 | D59: 1 | E59: 0 | F59: 1 | G59: 2 | H59: x | I59: 1 | J59: x | K59: 1 | L59: 0 | M59: 18 | N59: 0 | O59: 17 | P59: x | Q59: 2
A60: Classical Civilisation | B60: 0 | C60: 0 | D60: 0 | E60: 0 | F60: 0 | G60: 2 | H60: 0 | I60: 0 | J60: x | K60: 0 | L60: 0 | M60: 5 | N60: 0 | O60: 5 | P60: 0 | Q60: 1
A61: Classical Greek | B61: 0 | C61: 0 | D61: 0 | E61: 0 | F61: 0 | G61: 0 | H61: 0 | I61: 0 | J61: 0 | K61: 0 | L61: 0 | M61: 2 | N61: 0 | O61: 2 | P61: 0 | Q61: 0
A62: Latin | B62: 1 | C62: 0 | D62: 1 | E62: 0 | F62: 1 | G62: 0 | H62: x | I62: 0 | J62: 0 | K62: 0 | L62: 0 | M62: 13 | N62: 0 | O62: 12 | P62: x | Q62: 1
A63: Other Classical Studies | B63: 0 | C63: 0 | D63: 0 | E63: 0 | F63: 0 | G63: 0 | H63: 0 | I63: 0 | J63: 0 | K63: 0 | L63: 0 | M63: 1 | N63: 0 | O63: 1 | P63: 0 | Q63: 0
A65: Applied Art and Design | B65: 0 | C65: 0 | D65: 0 | E65: 0 | F65: 0 | G65: 0 | H65: 0 | I65: 0 | J65: 0 | K65: 0 | L65: 0 | M65: x | N65: 0 | O65: 0 | P65: 0 | Q65: 0
A66: Applied Physical Education | B66: . | C66: . | D66: . | E66: . | F66: . | G66: . | H66: . | I66: . | J66: . | K66: . | L66: . | M66: . | N66: . | O66: . | P66: . | Q66: .
A67: Art and Design | B67: 25 | C67: 25 | D67: 25 | E67: 21 | F67: 26 | G67: 19 | H67: 14 | I67: 25 | J67: 8 | K67: 24 | L67: 27 | M67: 28 | N67: 16 | O67: 28 | P67: 15 | Q67: 25
A68: Communication Studies | B68: 2 | C68: 1 | D68: 2 | E68: 2 | F68: 2 | G68: x | H68: 1 | I68: 2 | J68: 1 | K68: 2 | L68: 2 | M68: 0 | N68: 1 | O68: 0 | P68: 1 | Q68: 1
A69: Construction | B69: 0 | C69: 0 | D69: 0 | E69: 0 | F69: 0 | G69: 0 | H69: 0 | I69: 0 | J69: 0 | K69: 0 | L69: 0 | M69: 0 | N69: 0 | O69: 0 | P69: 0 | Q69: 0
A70: Drama | B70: 11 | C70: 11 | D70: 11 | E70: 7 | F70: 13 | G70: 6 | H70: 0 | I70: 11 | J70: 1 | K70: 11 | L70: 2 | M70: 15 | N70: 3 | O70: 15 | P70: 1 | Q70: 11
A71: English Literature | B71: 71 | C71: 71 | D71: 71 | E71: 52 | F71: 76 | G71: 54 | H71: 1 | I71: 70 | J71: 4 | K71: 68 | L71: 7 | M71: 48 | N71: 5 | O71: 46 | P71: 2 | Q71: 67
A72: English Studies | B72: 0 | C72: 0 | D72: 1 | E72: 1 | F72: 0 | G72: 0 | H72: 0 | I72: 0 | J72: 0 | K72: 0 | L72: 0 | M72: 0 | N72: 0 | O72: 0 | P72: 0 | Q72: 0
A73: General Studies | B73: 1 | C73: 1 | D73: 1 | E73: 0 | F73: 1 | G73: 0 | H73: 0 | I73: 1 | J73: 1 | K73: 1 | L73: 2 | M73: 0 | N73: 1 | O73: 0 | P73: 0 | Q73: 1
A74: Health and Social Care | B74: 1 | C74: 1 | D74: 1 | E74: 1 | F74: 1 | G74: 0 | H74: x | I74: 1 | J74: 0 | K74: 1 | L74: 0 | M74: 0 | N74: 0 | O74: 0 | P74: 0 | Q74: 1
A75: Hospitality and Catering | B75: 0 | C75: 0 | D75: 0 | E75: 0 | F75: 0 | G75: x | H75: 0 | I75: 0 | J75: 0 | K75: 0 | L75: 0 | M75: 0 | N75: 0 | O75: 0 | P75: 0 | Q75: 0
A76: Leisure and Tourism | B76: 0 | C76: 1 | D76: 0 | E76: 0 | F76: 0 | G76: 0 | H76: 0 | I76: 0 | J76: 0 | K76: 0 | L76: 0 | M76: 0 | N76: 0 | O76: 0 | P76: 0 | Q76: 0
A77: Manufacturing | B77: 0 | C77: 0 | D77: 0 | E77: x | F77: 0 | G77: 0 | H77: 0 | I77: 0 | J77: 0 | K77: 0 | L77: 0 | M77: 0 | N77: 0 | O77: 0 | P77: 0 | Q77: 0
A78: Media/Film/TV | B78: 9 | C78: 9 | D78: 8 | E78: 8 | F78: 8 | G78: x | H78: 1 | I78: 8 | J78: 1 | K78: 8 | L78: 1 | M78: 1 | N78: 1 | O78: 1 | P78: 1 | Q78: 8
A79: Media: Communication and Production | B79: . | C79: . | D79: . | E79: . | F79: . | G79: . | H79: . | I79: . | J79: . | K79: . | L79: . | M79: . | N79: . | O79: . | P79: . | Q79: .
A80: Music | B80: 6 | C80: 6 | D80: 7 | E80: 4 | F80: 8 | G80: 3 | H80: 0 | I80: 6 | J80: 0 | K80: 6 | L80: 2 | M80: 10 | N80: 2 | O80: 9 | P80: 1 | Q80: 7
A81: Performing Arts | B81: 1 | C81: 1 | D81: 1 | E81: 1 | F81: 0 | G81: 0 | H81: 0 | I81: 1 | J81: 0 | K81: 1 | L81: 0 | M81: 0 | N81: 0 | O81: 0 | P81: 0 | Q81: 0
A82: Physical Education | B82: 17 | C82: 16 | D82: 18 | E82: 12 | F82: 19 | G82: 12 | H82: 1 | I82: 17 | J82: 0 | K82: 16 | L82: 3 | M82: 13 | N82: 3 | O82: 13 | P82: 1 | Q82: 16
A83: Religious Studies | B83: 38 | C83: 40 | D83: 35 | E83: 24 | F83: 39 | G83: 16 | H83: 1 | I83: 37 | J83: 1 | K83: 37 | L83: 3 | M83: 33 | N83: 1 | O83: 32 | P83: 1 | Q83: 36
A84: Statistics | B84: 8 | C84: 7 | D84: 8 | E84: 6 | F84: 9 | G84: x | H84: 0 | I84: 7 | J84: 1 | K84: 7 | L84: 0 | M84: 4 | N84: 1 | O84: 3 | P84: 1 | Q84: 7
A85: Vocational Studies | B85: 6 | C85: 5 | D85: 6 | E85: 6 | F85: 6 | G85: 6 | H85: 0 | I85: 6 | J85: 1 | K85: 5 | L85: 0 | M85: 2 | N85: 2 | O85: 2 | P85: 1 | Q85: 5
Q87: Source: 2012/13 key stage 4 attainment data (Revised)
A88: 1. Includes entries and achievements by these pupils in previous academic years.
A89: 2. Some zero percentages will represent small numbers due to rounding.
A90: 3. State-funded mainstream schools include academies, free schools and city technology colleges but exclude state-funded special schools, independent schools, independent special schools, non-maintained special schools, hospital schools and alternative provision including academy and free school alternative provision and pupil referral units.
A91: 4. Local Authority maintained mainstream schools include community schools, voluntary aided schools, voluntary controlled schools and foundation schools.
A92: 5. Includes all academies and free schools that were open before 12 September 2012.
A93: 6. State-funded special schools include community special schools, foundation special schools, special sponsored academies, special converter academies and special free schools.
A94: 7. State-funded schools include academies, free schools, city technology colleges and state-funded special schools but exclude independent schools, independent special schools, non-maintained special schools, hospital schools and alternative provision including academy and free school alternative provision and pupil referral units.
A95: 8. All independent schools include non-maintained special schools, independent special schools and independent schools.
A96: 9. The English and English language subject lines may not add up to the overall English figure due to rounding.
A97: 10. English language includes entries in legacy 'English' GCSEs.
A98: 11. Includes double award science and applied science.
A99: 12. Includes all other combined syllabus of which design and technology is the major part.
... A105: Single award subjects previously in table 13 (prior to 2011/12) are shown in italics; motor vehicle studies is grouped with other design and technology; catering studies is grouped with vocational studies.

Sheet Table 10b
A1: Table 10b: GCSE entries in selected subjects by pupils at the end of key stage 4 by admission basis (percentage)
A2: Year: 2012/131 (Revised)
A3: Coverage: England
E4: As a percentage of pupils at the end of key stage 4 in each school type2
B5: Comprehensive schools | C5: Selective schools | D5: Modern schools | E5: All state-funded mainstream schools3
A7: Any Subject | B7: 100 | C7: 100 | D7: 100 | E7: 100
A9: English & Mathematics | B9: 92 | C9: 86 | D9: 88 | E9: 92
A10: Mathematics & Science | B10: 79 | C10: 83 | D10: 77 | E10: 79
A11: English, Mathematics & Science | B11: 75 | C11: 77 | D11: 68 | E11: 75
A13: English4 | B13: 93 | C13: 90 | D13: 88 | E13: 93
A14: English | B14: 25 | C14: 1 | D14: 34 | E14: 25
A15: English Language5 | B15: 68 | C15: 89 | D15: 54 | E15: 68
A17: Mathematics | B17: 99 | C17: 95 | D17: 99 | E17: 98
A19: Any Science | B19: 80 | C19: 88 | D19: 77 | E19: 80
A20: Core Science | B20: 55 | C20: 21 | D20: 60 | E20: 54
A21: Additional Science | B21: 43 | C21: 20 | D21: 46 | E21: 42
A22: Additional Applied Science | B22: 2 | C22: 0 | D22: 3 | E22: 2
... A63: Other Classical Studies | B63: 0 | C63: 0 | D63: 0 | E63: 0
A65: Applied Art and Design | B65: 0 | C65: x | D65: 0 | E65: 0
A66: Applied Physical Education | B66: . | C66: . | D66: . | E66: .
A67: Art and Design | B67: 25 | C67: 26 | D67: 27 | E67: 25
A68: Communication Studies | B68: 1 | C68: 1 | D68: 3 | E68: 2
A69: Construction | B69: 0 | C69: 0 | D69: 0 | E69: 0
A70: Drama | B70: 11 | C70: 14 | D70: 10 | E70: 11
A71: English Literature | B71: 71 | C71: 89 | D71: 60 | E71: 71
A72: English Studies | B72: 0 | C72: 0 | D72: 0 | E72: 0
A73: General Studies | B73: 1 | C73: 1 | D73: 0 | E73: 1
A74: Health and Social Care | B74: 1 | C74: 1 | D74: 1 | E74: 1
A75: Hospitality and Catering | B75: 0 | C75: 0 | D75: 0 | E75: 0
A76: Leisure and Tourism | B76: 0 | C76: x | D76: 1 | E76: 0
A77: Manufacturing | B77: 0 | C77: 0 | D77: 0 | E77: 0
A78: Media/Film/TV | B78: 9 | C78: 3 | D78: 10 | E78: 9
A79: Media: Communication and Production | B79: . | C79: . | D79: . | E79: .
A80: Music | B80: 6 | C80: 12 | D80: 4 | E80: 6
A81: Performing Arts | B81: 1 | C81: 1 | D81: 1 | E81: 1
A82: Physical Education | B82: 17 | C82: 19 | D82: 14 | E82: 17
A83: Religious Studies | B83: 38 | C83: 46 | D83: 32 | E83: 38
A84: Statistics | B84: 7 | C84: 13 | D84: 12 | E84: 8
A85: Vocational Studies | B85: 6 | C85: 2 | D85: 7 | E85: 6
F87: Source: 2012/13 key stage 4 attainment data (Revised)
A88: 1. Includes entries and achievements by these pupils in previous academic years.
A89: 2. Some zero percentages will represent small numbers due to rounding.
A90: 3. State-funded mainstream schools include academies, free schools and city technology colleges but exclude state-funded special schools, independent schools, independent special schools, non-maintained special schools, hospital schools and alternative provision including academy and free school alternative provision and pupil referral units.
A91: 4. The English and English language subject lines may not add up to the overall English figure due to rounding.
A92: 5. English Language includes entries in legacy 'English' GCSEs.
A93: 6. Includes double award science and applied science.
A94: 7. Includes all other combined syllabus of which design and technology is the major part.
A95: 8. Also includes computer studies, information systems and any combined syllabus of which information technology is the major part.
A97: . Not applicable.
A99: Single award subjects previously in table 13 (prior to 2011/12) are shown in italics; motor vehicle studies is grouped with other design and technology; catering studies is grouped with vocational studies.

Sheet Table 11
A1: Table 11: GCSE results of pupils at the end of key stage 4 in schools, by subject and grade1
A2: Year: 2012/132 (Revised)
A3: Coverage: England
M4: Entries (thousands)
B5: Grades obtained | M5: Total
A6: Subjects | B6: A* | C6: A | D6: B | E6: C | F6: D | G6: E | H6: F | I6: G | J6: U3 | K6: X4 | M6: entries
A8: English5 | B8: 22.3 | C8: 71.6 | D8: 127.7 | E8: 167.7 | F8: 91.3 | G8: 42.9 | H8: 18.1 | I8: 5.9 | J8: 2.8 | K8: 0.5 | M8: 550.8
A9: English | B9: 0.6 | C9: 2.9 | D9: 10.9 | E9: 40.9 | F9: 43.1 | G9: 28.2 | H9: 13.3 | I9: 4.4 | J9: 2.1 | K9: 0.3 | M9: 146.6
A10: English Language6 | B10: 21.7 | C10: 68.7 | D10: 116.7 | E10: 126.9 | F10: 48.2 | G10: 14.6 | H10: 4.9 | I10: 1.5 | J10: 0.7 | K10: 0.2 | M10: 404.2
A11: Mathematics | B11: 41.7 | C11: 77 | D11: 119.8 | E11: 200.2 | F11: 62.6 | G11: 38.6 | H11: 31.1 | I11: 21.1 | J11: 7.5 | K11: 3.5 | M11: 603.2
A13: Core Science | B13: 4 | C13: 21 | D13: 57.9 | E13: 110.6 | F13: 62.2 | G13: 35.6 | H13: 18.3 | I13: 7.6 | J13: 3.3 | K13: 1.5 | M13: 322
A14: Additional Science | B14: 6.2 | C14: 22.5 | D14: 50.9 | E14: 82.5 | F14: 50.3 | G14: 21.2 | H14: 9.3 | I14: 3.5 | J14: 1.7 | K14: 0.5 | M14: 248.5
A15: Additional Applied Science | B15: 0 | C15: 0.2 | D15: 0.9 | E15: 2.8 | F15: 3.5 | G15: 2.5 | H15: 1.2 | I15: 0.5 | J15: 0.3 | K15: 0.1 | M15: 11.8
A16: Physics | B16: 24.3 | C16: 38.4 | D16: 41.8 | E16: 32 | F16: 10.5 | G16: 1.8 | H16: 0.4 | I16: 0.1 | J16: 0 | K16: 0 | M16: 149.4
A17: Chemistry | B17: 25.9 | C17: 39.3 | D17: 40.8 | E17: 31.1 | F17: 10.9 | G17: 2.1 | H17: 0.5 | I17: 0.1 | J17: 0.1 | K17: 0 | M17: 150.8
A18: Biological Sciences | B18: 23.5 | C18: 41.5 | D18: 43.4 | E18: 31.2 | F18: 10 | G18: 1.9 | H18: 0.5 | I18: 0.2 | J18: 0.2 | K18: 0.1 | M18: 152.4
A19: Other Sciences | B19: 0.5 | C19: 0.9 | D19: 1.1 | E19: 1.2 | F19: 0.9 | G19: 0.6 | H19: 0.4 | I19: 0.2 | J19: 0.1 | K19: 0 | M19: 6
A21: D & T: Electronic Products | B21: 0.8 | C21: 1.2 | D21: 1.8 | E21: 1.7 | F21: 1.3 | G21: 0.8 | H21: 0.5 | I21: 0.3 | J21: 0.2 | K21: 0 | M21: 8.5
... A24: D & T: Resistant Materials | B24: 2.3 | C24: 5.7 | D24: 10.2 | E24: 12.5 | F24: 9.7 | G24: 6 | H24: 3.4 | I24: 1.7 | J24: 0.8 | K24: 0.1 | M24: 52.4
A25: D & T: Systems & Control | B25: 0.2 | C25: 0.5 | D25: 0.7 | E25: 0.8 | F25: 0.6 | G25: 0.3 | H25: 0.1 | I25: 0.1 | J25: 0.1 | K25: x | M25: 3.5
A26: D & T: Textiles Technology | B26: 2.8 | C26: 5.1 | D26: 6.6 | E26: 6.1 | F26: 3.6 | G26: 1.9 | H26: 1 | I26: 0.5 | J26: 0.2 | K26: 0.1 | M26: 27.8
A27: Other Design and Technology7 | B27: 1.6 | C27: 3.7 | D27: 6.6 | E27: 8.2 | F27: 6 | G27: 3.7 | H27: 2.2 | I27: 1.1 | J27: 0.6 | K27: 0.1 | M27: 33.8
A28: Applied Engineering | B28: 0 | C28: 0.1 | D28: 0.3 | E28: 0.5 | F28: 0.5 | G28: 0.4 | H28: 0.2 | I28: 0.1 | J28: 0 | K28: 0 | M28: 2.1
A29: Information Technology8 | B29: 4.2 | C29: 10.9 | D29: 14.2 | E29: 12.8 | F29: 6.7 | G29: 3.7 | H29: 2.5 | I29: 1.6 | J29: 0.9 | K29: 0.2 | M29: 57.7
A30: Business Studies | B30: 2.4 | C30: 9.9 | D30: 16.1 | E30: 15.3 | F30: 9.8 | G30: 5.5 | H30: 3.1 | I30: 1.6 | J30: 0.7 | K30: 0.1 | M30: 64.4
A31: Applied Business | B31: 0.1 | C31: 0.6 | D31: 1.1 | E31: 1.1 | F31: 0.8 | G31: 0.4 | H31: 0.3 | I31: 0.2 | J31: 0.2 | K31: 0 | M31: 4.7
A32: Home Economics | B32: 0.7 | C32: 2.8 | D32: 5.2 | E32: 6.3 | F32: 5.2 | G32: 3.2 | H32: 1.8 | I32: 0.7 | J32: 0.4 | K32: 0.1 | M32: 26.2
A34: Geography | B34: 19.9 | C34: 35.3 | D34: 40.8 | E34: 43.4 | F34: 29.7 | G34: 16.5 | H34: 8.8 | I34: 4.2 | J34: 1.6 | K34: 0.1 | M34: 200.2
A35: History | B35: 24.2 | C35: 43.8 | D35: 49.6 | E35: 45.1 | F35: 31.1 | G35: 18.8 | H35: 11.5 | I35: 6.6 | J35: 3.7 | K35: 0.2 | M35: 234.7
A36: Humanities | B36: 0.2 | C36: 0.8 | D36: 1.9 | E36: 2.7 | F36: 2.4 | G36: 1.9 | H36: 1.3 | I36: 0.8 | J36: 0.5 | K36: 0 | M36: 12.4
A37: Economics | B37: 0.3 | C37: 1 | D37: 1.2 | E37: 0.9 | F37: 0.4 | G37: 0.2 | H37: 0.1 | I37: 0.1 | J37: 0 | K37: 0 | M37: 4.3
A38: Social Studies | B38: 1.5 | C38: 6.1 | D38: 10.4 | E38: 10.5 | F38: 6.8 | G38: 4.1 | H38: 2.5 | I38: 1.4 | J38: 0.7 | K38: 0.1 | M38: 44.1
A40: Any Modern Language
A41: Arabic | B41: 0.7 | C41: 0.6 | D41: 0.4 | E41: 0.3 | F41: 0.2 | G41: 0.1 | H41: 0.1 | I41: 0.1 | J41: 0.1 | K41: 0 | M41: 2.6
A42: Chinese | B42: 1.5 | C42: 0.4 | D42: 0.3 | E42: 0.1 | F42: 0.1 | G42: 0 | H42: 0 | I42: x | J42: 0 | K42: 0 | M42: 2.3
A43: French | B43: 15.7 | C43: 23.5 | D43: 32.1 | E43: 42.2 | F43: 29.4 | G43: 11.9 | H43: 4.8 | I43: 1.6 | J43: 0.5 | K43: 0.2 | M43: 161.8
A44: German | B44: 5.4 | C44: 9 | D44: 14.1 | E44: 16.8 | F44: 9.7 | G44: 3.6 | H44: 1.3 | I44: 0.4 | J44: 0.1 | K44: 0 | M44: 60.3
A45: Italian | B45: 1.6 | C45: 0.8 | D45: 0.7 | E45: 0.6 | F45: 0.3 | G45: 0.1 | H45: 0 | I45: 0 | J45: 0 | K45: 0 | M45: 4.1
A46: Polish | B46: 0.9 | C46: 1.2 | D46: 0.5 | E46: 0.2 | F46: 0.1 | G46: 0 | H46: 0 | I46: 0 | J46: 0 | K46: 0 | M46: 2.9
A47: Spanish | B47: 10.4 | C47: 13.6 | D47: 16.1 | E47: 19.3 | F47: 13.2 | G47: 5.8 | H47: 2.5 | I47: 1.1 | J47: 0.5 | K47: 0.1 | M47: 82.7
A48: Urdu | B48: 0.4 | C48: 0.9 | D48: 0.9 | E48: 0.8 | F48: 0.5 | G48: 0.3 | H48: 0.1 | I48: 0 | J48: 0 | K48: 0 | M48: 4.1
A49: Other Modern Languages | B49: 3 | C49: 2.5 | D49: 1.8 | E49: 1.1 | F49: 0.5 | G49: 0.2 | H49: 0.1 | I49: 0.1 | J49: 0 | K49: 0.1 | M49: 9.3
A51: Any Classical Study
A52: Classical Civilisation | B52: 0.5 | C52: 1 | D52: 1 | E52: 0.7 | F52: 0.4 | G52: 0.2 | H52: 0.1 | I52: 0 | J52: 0 | K52: 0 | M52: 3.9
A53: Classical Greek | B53: 0.7 | C53: 0.3 | D53: 0.1 | E53: 0 | F53: 0 | G53: 0 | H53: 0 | I53: x | J53: x | K53: 0 | M53: 1.1
A54: Latin | B54: 4 | C54: 2.5 | D54: 1.2 | E54: 0.6 | F54: 0.3 | G54: 0.2 | H54: 0.1 | I54: 0 | J54: 0 | K54: 0 | M54: 9
A55: Other Classical Studies | B55: 0.2 | C55: 0.3 | D55: 0.3 | E55: 0.2 | F55: 0.1 | G55: 0.1 | H55: 0.1 | I55: 0 | J55: 0 | K55: 0 | M55: 1.3
A57: Applied Art and Design | B57: 0.1 | C57: 0.1 | D57: 0.3 | E57: 0.3 | F57: 0.1 | G57: 0.1 | H57: 0 | I57: 0 | J57: 0 | K57: 0 | M57: 1.1
A58: Applied Physical Education | B58: . | C58: . | D58: . | E58: . | F58: . | G58: . | H58: . | I58: . | J58: . | K58: . | M58: .
A59: Art and Design | B59: 16.3 | C59: 22.8 | D59: 39.6 | E59: 47.5 | F59: 19.8 | G59: 9.8 | H59: 5.2 | I59: 2 | J59: 0.8 | K59: 0.9 | M59: 164.5
A60: Communication Studies | B60: 0.4 | C60: 1.1 | D60: 1.9 | E60: 2 | F60: 1.5 | G60: 1 | H60: 0.5 | I60: 0.3 | J60: 0.2 | K60: 0.1 | M60: 9.1
A61: Construction | B61: 0 | C61: x | D61: 0 | E61: 0 | F61: 0 | G61: x | H61: x | I61: x | J61: x | K61: 0 | M61: 0
A62: Drama | B62: 3.6 | C62: 12.2 | D62: 18 | E62: 17.2 | F62: 10.4 | G62: 4.9 | H62: 2.1 | I62: 0.9 | J62: 0.4 | K62: 0.1 | M62: 69.8
A63: English Literature | B63: 24 | C63: 74.4 | D63: 122.8 | E63: 106.3 | F63: 56.9 | G63: 21.7 | H63: 8.5 | I63: 3.6 | J63: 3.1 | K63: 0.4 | M63: 421.8
A64: English Studies | B64: x | C64: 0 | D64: 0.3 | E64: 0.6 | F64: 0.6 | G64: 0.3 | H64: 0.1 | I64: 0.1 | J64: 0 | K64: 0 | M64: 2.1
A65: General Studies | B65: 0.2 | C65: 0.4 | D65: 0.7 | E65: 1 | F65: 1 | G65: 0.6 | H65: 0.3 | I65: 0.2 | J65: 0.3 | K65: 0.1 | M65: 4.9
A66: Health and Social Care | B66: 0.1 | C66: 0.6 | D66: 1.5 | E66: 2 | F66: 1.5 | G66: 0.9 | H66: 0.6 | I66: 0.4 | J66: 0.2 | K66: 0 | M66: 7.8
A67: Hospitality and Catering | B67: 0.1 | C67: 0.2 | D67: 0.4 | E67: 0.5 | F67: 0.4 | G67: 0.3 | H67: 0.1 | I67: 0 | J67: 0 | K67: 0 | M67: 2
A68: Leisure and Tourism | B68: 0 | C68: 0.1 | D68: 0.4 | E68: 0.5 | F68: 0.5 | G68: 0.3 | H68: 0.3 | I68: 0.2 | J68: 0.2 | K68: 0 | M68: 2.5
A69: Manufacturing | B69: 0 | C69: 0 | D69: 0 | E69: 0 | F69: 0 | G69: 0 | H69: 0 | I69: 0 | J69: 0 | K69: 0 | M69: 0.1
A70: Media/Film/TV | B70: 1.6 | C70: 6.2 | D70: 11.4 | E70: 12.8 | F70: 8.3 | G70: 4.3 | H70: 2.2 | I70: 1.1 | J70: 0.6 | K70: 0.1 | M70: 48.7
A71: Media: Communication and Production | B71: . | C71: . | D71: . | E71: . | F71: . | G71: . | H71: . | I71: . | J71: . | K71: . | M71: .
A72: Music | B72: 3.7 | C72: 9.5 | D72: 10.5 | E72: 7.8 | F72: 4.9 | G72: 2.6 | H72: 1.2 | I72: 0.6 | J72: 0.3 | K72: 0.1 | M72: 41.3
A73: Performing Arts | B73: 0.2 | C73: 0.3 | D73: 0.6 | E73: 0.8 | F73: 0.6 | G73: 0.3 | H73: 0.2 | I73: 0.1 | J73: 0 | K73: 0 | M73: 3.1
A74: Physical Education | B74: 3.7 | C74: 17.1 | D74: 25.9 | E74: 26.2 | F74: 17.6 | G74: 8.9 | H74: 2.8 | I74: 0.6 | J74: 0.2 | K74: 0.1 | M74: 103.1
A75: Religious Studies | B75: 26.5 | C75: 45.6 | D75: 52.8 | E75: 43.7 | F75: 24.8 | G75: 15.7 | H75: 9.8 | I75: 6 | J75: 3.5 | K75: 0.5 | M75: 229
A76: Statistics | B76: 2.4 | C76: 8.5 | D76: 12.1 | E76: 11.6 | F76: 5.6 | G76: 2 | H76: 0.8 | I76: 0.4 | J76: 0.7 | K76: 0.2 | M76: 44.5
A77: Vocational Studies | B77: 0.8 | C77: 3.7 | D77: 7.2 | E77: 8.8 | F77: 6.5 | G77: 3.6 | H77: 1.7 | I77: 0.6 | J77: 0.4 | K77: 0.1 | M77: 33.3
A79: All subjects | B79: 342.4 | C79: 709.5 | D79: 1042.3 | E79: 1218.3 | F79: 646.6 | G79: 323 | H79: 169.5 | I79: 83 | J79: 40.2 | K79: 10.7 | M79: 4585.6
M81: Source: 2012/13 key stage 4 attainment data (Revised)
A82: 1. Discounting has been applied so that only the best grade is counted where pupils have taken the same subject more than once, and only one entry is counted in these circumstances. Prior to 2010/11 no discounting was applied and all entries and achievements were included.
A83: 2. Includes entries and achievements by these pupils in previous academic years where only the best grade in each individual subject is counted per pupil. Where subjects have been combined into a group (e.g. other modern languages) and a pupil has two or more entries, each result in each subject is counted.
A84: 3. Grade U refers to pupils' results which are ungraded or unclassified.
A85: 4. Grade X refers to pupils who were absent or whose results are pending.
A86: 5. The English and English language subject lines may not add up to the overall English figure due to rounding.
A87: 6. English Language includes entries and achievements in legacy 'English' GCSEs.
A88: 7. Includes all other combined syllabus of which design and technology is the major part.
A89: 8. Also includes computer studies, information systems and any combined syllabus of which information technology is the major part.
A91: . Not applicable.
A93: Single award subjects previously in table 13 (prior to 2011/12) are shown in italics; motor vehicle studies is grouped with other design and technology; catering studies is grouped with vocational studies.

Sheet Table 12
A1: Table 12: International GCSE, Cambridge International Certificate and Edexcel Level1/2 Certificate results of pupils at the end of key stage 4 in schools, by subject and grade1
A2: Year: 2012/132 (Revised)
A3: Coverage: England
M4: Number
B5: Grades obtained | M5: Total
A6: Subjects | B6: A* | C6: A | D6: B | E6: C | F6: D | G6: E | H6: F | I6: G | J6: U3 | K6: X4 | M6: entries
A8: Applied Business | B8: x | C8: x | D8: 12 | E8: 12 | F8: 15 | G8: 10 | H8: 4 | I8: x | J8: x | K8: x | M8: 65
A9: Art and Design | B9: x | C9: x | D9: 6 | E9: 15 | F9: x | G9: 11 | H9: 3 | I9: x | J9: 0 | K9: 5 | M9: 77
A10: Biological Sciences | B10: 7833 | C10: 3115 | D10: 1875 | E10: 993 | F10: 316 | G10: 151 | H10: 74 | I10: 44 | J10: 69 | K10: 26 | M10: 14496
A11: Business Studies | B11: 87 | C11: 109 | D11: 113 | E11: 91 | F11: 45 | G11: 21 | H11: 15 | I11: 8 | J11: x | K11: x | M11: 500
A12: Chemistry | B12: 6889 | C12: 3096 | D12: 2151 | E12: 1397 | F12: 564 | G12: 287 | H12: 119 | I12: 38 | J12: 29 | K12: 22 | M12: 14592
A13: Chinese | B13: 758 | C13: 61 | D13: 18 | E13: x | F13: x | G13: x | H13: 0 | I13: 0 | J13: x | K13: x | M13: 846
A14: English for speakers of other languages | B14: 38 | C14: 128 | D14: 226 | E14: 399 | F14: 182 | G14: 115 | H14: 108 | I14: 54 | J14: 97 | K14: 36 | M14: 1383
A15: English Language | B15: 3387 | C15: 5648 | D15: 7419 | E15: 14170 | F15: 6575 | G15: 2305 | H15: 576 | I15: 277 | J15: 345 | K15: 382 | M15: 41084
A16: English Literature | B16: 2819 | C16: 2856 | D16: 2781 | E16: 2186 | F16: 1580 | G16: 1789 | H16: 1928 | I16: 1742 | J16: 1132 | K16: 191 | M16: 19004
A17: French | B17: 2359 | C17: 719 | D17: 500 | E17: 363 | F17: 163 | G17: 56 | H17: 31 | I17: 10 | J17: x | K17: x | M17: 4209
A18: Geography | B18: 1635 | C18: 1254 | D18: 677 | E18: 287 | F18: 107 | G18: 50 | H18: 18 | I18: 11 | J18: 6 | K18: 7 | M18: 4052
A19: German | B19: 957 | C19: 524 | D19: 275 | E19: 103 | F19: 18 | G19: 7 | H19: x | I19: x | J19: 0 | K19: 5 | M19: 1892
A20: Hindi | B20: 0 | C20: 4 | D20: x | E20: 7 | F20: 5 | G20: x | H20: x | I20: x | J20: x | K20: 0 | M20: 26
A21: History | B21: 3020 | C21: 1477 | D21: 733 | E21: 304 | F21: 128 | G21: 66 | H21: 23 | I21: 6 | J21: 5 | K21: 17 | M21: 5779
A22: Information Technology5 | B22: 281 | C22: 550 | D22: 421 | E22: 260 | F22: 185 | G22: 115 | H22: 42 | I22: 16 | J22: x | K22: x | M22: 1895
A23: Mathematics | B23: 12025 | C23: 6598 | D23: 3821 | E23: 2105 | F23: 608 | G23: 321 | H23: 243 | I23: 210 | J23: 38 | K23: 22 | M23: 25991
A24: Music | B24: 231 | C24: 80 | D24: 30 | E24: 4 | F24: 0 | G24: 0 | H24: 0 | I24: 0 | J24: 0 | K24: 0 | M24: 345
A25: Other Modern Languages | B25: x | C25: x | D25: x | E25: x | F25: x | G25: x | H25: x | I25: x | J25: x | K25: x | M25: x
A26: Physics | B26: 8336 | C26: 3447 | D26: 1970 | E26: 1118 | F26: 418 | G26: 211 | H26: 101 | I26: 32 | J26: 10 | K26: 19 | M26: 15662
A27: Spanish | B27: 2150 | C27: 1097 | D27: 477 | E27: 181 | F27: 54 | G27: 25 | H27: 9 | I27: 6 | J27: x | K27: x | M27: 4005
A29: All subjects | B29: 52828 | C29: 30770 | D29: 23509 | E29: 23998 | F29: 10978 | G29: 5543 | H29: 3298 | I29: 2460 | J29: 1748 | K29: 772 | M29: 155904
M31: Source: 2012/13 key stage 4 attainment data (Revised)
A32: 1. Excludes science double awards.
A33: 2. Includes entries and achievements by these pupils in previous academic years where only the best grade is counted per pupil.
A34: 3. Grade U refers to pupils' results which are ungraded or unclassified.
A35: 4. Grade X refers to pupils who were absent or whose results are pending.
A36: 5. Also includes computer studies, information systems and any combined syllabus of which information technology is the major part.
A38: x Figure has been suppressed due to low numbers (1 or 2 pupils) or where secondary suppression has been applied.

Sheet Table 13
A1: Table 13: Results of GCSEs in Applied subjects of pupils at the end of key stage 4 in schools, by subject and grade
A2: Year: 2012/131 (Revised)
A3: Coverage: England
R4: Number of awards
B5: Grades obtained | T5: Total entries
A6: Subjects2 | B6: A*A* | C6: A*A | D6: AA | E6: AB | F6: BB | G6: BC | H6: CC | I6: CD | J6: DD | K6: DE | L6: EE | M6: EF | N6: FF | O6: FG | P6: GG | Q6: U3 | R6: X4
A8: Applied Art and Design | B8: . | C8: . | D8: . | E8: . | F8: . | G8: . | H8: . | I8: . | J8: . | K8: . | L8: . | M8: . | N8: . | O8: . | P8: . | Q8: . | R8: . | T8: .
A9: Applied Business | B9: 87 | C9: 165 | D9: 267 | E9: 353 | F9: 405 | G9: 424 | H9: 358 | I9: 291 | J9: 192 | K9: 121 | L9: 87 | M9: 76 | N9: 54 | O9: 28 | P9: 23 | Q9: 36 | R9: 4 | T9: 2971
A10: Applied Information and Communication Technology | B10: 0 | C10: x | D10: 0 | E10: 0 | F10: 0 | G10: 0 | H10: 0 | I10: x | J10: 0 | K10: 0 | L10: 0 | M10: 0 | N10: 0 | O10: 0 | P10: 0 | Q10: 0 | R10: 0 | T10: x
A11: Applied Science | B11: 0 | C11: 0 | D11: 6 | E11: x | F11: 30 | G11: 85 | H11: 145 | I11: 123 | J11: 80 | K11: 89 | L11: 68 | M11: 51 | N11: 34 | O11: 29 | P11: 14 | Q11: x | R11: x | T11: 786
A12: Engineering | B12: 16 | C12: 55 | D12: 101 | E12: 106 | F12: 141 | G12: 200 | H12: 181 | I12: 167 | J12: 159 | K12: 132 | L12: 96 | M12: 66 | N12: 59 | O12: 59 | P12: 31 | Q12: 40 | R12: 4 | T12: 1613
A13: Health and Social Care | B13: 51 | C13: 100 | D13: 200 | E13: 370 | F13: 492 | G13: 705 | H13: 672 | I13: 586 | J13: 422 | K13: 329 | L13: 252 | M13: 203 | N13: 149 | O13: 111 | P13: 71 | Q13: x | R13: x | T13: 4786
A14: Hospitality and Catering | B14: x | C14: 27 | D14: 62 | E14: 63 | F14: 123 | G14: 129 | H14: 117 | I14: 98 | J14: 76 | K14: 47 | L14: 35 | M14: 15 | N14: 13 | O14: 3 | P14: 0 | Q14: 3 | R14: 0 | T14: 816
A15: Leisure and Tourism | B15: x | C15: x | D15: 22 | E15: 40 | F15: 36 | G15: 45 | H15: 58 | I15: 55 | J15: 39 | K15: 23 | L15: 22 | M15: 19 | N15: 15 | O15: 12 | P15: 12 | Q15: 12 | R15: 27 | T15: 446
A16: Manufacturing | B16: 9 | C16: 27 | D16: 22 | E16: 52 | F16: 52 | G16: 73 | H16: 72 | I16: 77 | J16: 85 | K16: 55 | L16: 45 | M16: 29 | N16: 18 | O16: 29 | P16: 17 | Q16: 26 | R16: 0 | T16: 688
A17: Performing Arts | B17: 0 | C17: 0 | D17: 0 | E17: x | F17: 0 | G17: 0 | H17: 0 | I17: x | J17: 0 | K17: 0 | L17: 0 | M17: 0 | N17: 0 | O17: 0 | P17: 0 | Q17: 0 | R17: 0 | T17: x
A19: All Subjects | B19: 169 | C19: 383 | D19: 680 | E19: 1002 | F19: 1279 | G19: 1661 | H19: 1603 | I19: 1398 | J19: 1053 | K19: 796 | L19: 605 | M19: 459 | N19: 342 | O19: 271 | P19: 168 | Q19: 200 | R19: 40 | T19: 12109
T21: Source: 2012/13 key stage 4 attainment data (Revised)
A22: 1. Includes entries and achievements by these pupils in previous academic years where only the best grade is counted per pupil.
A23: 2. Double award vocational GCSEs are equivalent to 2 GCSEs.
A24: 3. Grade U refers to pupils' results which are ungraded or unclassified.
A25: 4. Grade X refers to pupils who were absent or whose results are pending.
A27: x Figure has been suppressed due to low numbers (1 or 2 pupils) or where secondary suppression has been applied.

Sheet Table 14
A1: Table 14: GCSE (Short Course) results of pupils at the end of key stage 4 in all schools, by subject and grade
A2: Year: 2012/131 (Revised)
A3: Coverage: England
L4: Number of awards
B5: Grades obtained | L5: Total entries
B6: A* | C6: A | D6: B | E6: C | F6: D | G6: E | H6: F | I6: G | J6: U2 | K6: X3
A8: Ancient History | B8: 14 | C8: 31 | D8: x | E8: 17 | F8: 15 | G8: 6 | H8: x | I8: 0 | J8: 0 | K8: 0 | L8: 114
A9: Art and Design | B9: 47 | C9: 93 | D9: 355 | E9: 625 | F9: 636 | G9: 566 | H9: 442 | I9: 158 | J9: 106 | K9: 136 | L9: 3164
A10: Business Studies | B10: 18 | C10: 76 | D10: 106 | E10: 144 | F10: 118 | G10: 111 | H10: 81 | I10: 62 | J10: 23 | K10: 14 | L10: 753
A11: Citizenship | B11: 1525 | C11: 5816 | D11: 10024 | E11: 11328 | F11: 9126 | G11: 5600 | H11: 3189 | I11: 1658 | J11: 1017 | K11: 229 | L11: 49512
A12: Classical Civilisation | B12: 22 | C12: 57 | D12: 94 | E12: 93 | F12: 97 | G12: 58 | H12: 31 | I12: x | J12: x | K12: x | L12: 484
A13: Classical Greek | B13: 21 | C13: 25 | D13: 10 | E13: 16 | F13: x | G13: 7 | H13: 3 | I13: x | J13: 0 | K13: x | L13: 100
A14: Design and Technology | B14: 51 | C14: 244 | D14: 686 | E14: 1011 | F14: 945 | G14: 792 | H14: 503 | I14: 267 | J14: 156 | K14: 66 | L14: 4721
A15: Economics | B15: 64 | C15: 160 | D15: 339 | E15: 378 | F15: 209 | G15: 129 | H15: 84 | I15: 72 | J15: 162 | K15: 24 | L15: 1621
A16: English Studies | B16: 0 | C16: 0 | D16: 0 | E16: 3 | F16: 26 | G16: 16 | H16: 7 | I16: 0 | J16: 0 | K16: 0 | L16: 52
A17: French | B17: 6 | C17: 21 | D17: 78 | E17: 342 | F17: 544 | G17: 549 | H17: 358 | I17: 215 | J17: 76 | K17: 24 | L17: 2213
A18: Geography | B18: 11 | C18: 52 | D18: 89 | E18: 133 | F18: 166 | G18: 151 | H18: 97 | I18: 81 | J18: 50 | K18: 24 | L18: 854
A19: German | B19: x | C19: x | D19: 32 | E19: 126 | F19: 168 | G19: 165 | H19: 130 | I19: 76 | J19: 45 | K19: 6 | L19: 765
A20: History | B20: 9 | C20: 39 | D20: 72 | E20: 105 | F20: 121 | G20: 120 | H20: 125 | I20: 100 | J20: 109 | K20: 20 | L20: 820
A21: Information Technology | B21: 581 | C21: 1987 | D21: 2736 | E21: 2078 | F21: 1250 | G21: 806 | H21: 579 | I21: 330 | J21: 267 | K21: 70 | L21: 10684
A22: Italian | B22: 10 | C22: 11 | D22: 10 | E22: x | F22: 15 | G22: x | H22: x | I22: 3 | J22: 0 | K22: 0 | L22: 70
A23: Latin | B23: 20 | C23: 23 | D23: 30 | E23: 23 | F23: 18 | G23: 16 | H23: x | I23: 0 | J23: x | K23: 0 | L23: 138
A24: Media/Film/TV | B24: x | C24: x | D24: x | E24: x | F24: x | G24: x | H24: x | I24: x | J24: x | K24: x | L24: x
A25: Other Modern Languages | B25: 160 | C25: 167 | D25: 169 | E25: 173 | F25: 129 | G25: 92 | H25: 58 | I25: 31 | J25: 39 | K25: 26 | L25: 1044
A26: Physical Education | B26: 405 | C26: 1054 | D26: 1968 | E26: 2973 | F26: 2798 | G26: 1911 | H26: 1046 | I26: 336 | J26: 134 | K26: 97 | L26: 12722
A27: Psychology | B27: 11 | C27: 65 | D27: 114 | E27: 87 | F27: 50 | G27: 43 | H27: 39 | I27: 21 | J27: 25 | K27: 27 | L27: 482
A28: Religious Education | B28: 8867 | C28: 16280 | D28: 25068 | E28: 28745 | F28: 23713 | G28: 19724 | H28: 14292 | I28: 10046 | J28: 8298 | K28: 2999 | L28: 158032
A29: Sociology | B29: 28 | C29: 45 | D29: 89 | E29: 164 | F29: 94 | G29: 62 | H29: 56 | I29: 41 | J29: 25 | K29: 52 | L29: 656
A30: Spanish | B30: 11 | C30: 15 | D30: 33 | E30: 130 | F30: 197 | G30: 162 | H30: 114 | I30: 62 | J30: 28 | K30: 17 | L30: 769
A32: All subjects | B32: 11887 | C32: 26272 | D32: 42129 | E32: 48705 | F32: 40448 | G32: 31095 | H32: 21247 | I32: 13575 | J32: 10578 | K32: 3835 | L32: 249771
L34: Source: 2012/13 key stage 4 attainment data (Revised)
A35: 1. Includes entries and achievements by these pupils in previous academic years where only the best grade is counted per pupil.
A36: 2. Grade U refers to pupils' results which are ungraded or unclassified.
A37: 3. Grade X refers to pupils who were absent or whose results are pending.
A39: x Figure has been suppressed due to low numbers (1 or 2 pupils) or where secondary suppression has been applied.

Sheet Table 15
A1: Table 15: Other Qualification results of pupils at the end of key stage 4 in all schools, by type of qualification1
A2: Year: 2012/132 (Revised)
A3: Coverage: England
G4: Number of awards
A5: Type of Qualification | C5: Entry Level3 | E5: Level 1 | G5: Level 2 | I5: Level 3
A7: Entry Level Qualifications | C7: 74532
A8: VRQ | E8: 110134 | G8: 127607
A9: Key Skills | E9: 6316 | G9: 47727
A10: NVQ | E10: 25 | G10: 65
A11: NVQ language units | E11: 4687 | G11: 1845
A12: Basic Skills | E12: 10467 | G12: 34688
A13: Functional Skills | C13: 14904 | E13: 63336 | G13: 105764
A14: BTEC Award1 | E14: 6643 | G14: 9930
A15: BTEC Certificate1 | E15: 7334 | G15: 415983
A16: BTEC Diploma1 | E16: 1972 | G16: 77629
A17: OCR National Award1 | E17: 1410 | G17: 214273
A18: OCR National Certificate1 | E18: 8 | G18: 18548
A19: OCR National Diploma1 | G19: x
A20: Free-standing Mathematics Qualification | E20: 586 | G20: 1663 | I20: 16984
A21: Asset Languages | C21: 32116 | E21: 44491 | G21: 5556 | I21: 695
A22: AS Level | I22: 12992
A23: Applied AS Level | I23: 104
A24: Applied AS Level Double Award | I24: 3
I26: Source: 2012/13 key stage 4 attainment data (Revised)
A27: 1. BTEC and OCR qualifications awarded as part of the Qualifications and Credit Framework (QCF) are included in their respective BTEC and OCR qualification categories.
A28: 2. Including achievements by these pupils in previous academic years.
A29: 3. Entry level qualifications are assessed below GCSE grade G.

Sheet Table 16 data
B1: 1 | C1: =B1+1 -> 2 | D1: =C1+1 -> 3 | E1: =D1+1 -> 4 | F1: =E1+1 -> 5 | G1: =F1+1 -> 6 | H1: =G1+1 -> 7 | I1: =H1+1 -> 8 | J1: =I1+1 -> 9 | ... AI1: =AH1+1 -> 34
A2: Region | B2: LA_name | C2: (No column name) | D2: M_PUP | E2: M_5AC | F2: M_5ACEM | G2: M_5AG | H2: M_5AGEM | I2: M_ANYPASS | J2: M_PTSCNEWE | K2: M_PTSTNEWE | L2: M_entbasicn | M2: M_L2BASICS | N2: (No column name) | O2: F_PUP | P2: F_5AC | Q2: F_5ACEM | R2: F_5AG | S2: F_5AGEM | T2: F_ANYPASS | U2: F_PTSCNEWE | V2: F_PTSTNEWE | W2: F_entbasicn | X2: F_L2BASICS | Y2: (No column name) | Z2: T_PUP | AA2: T_5AC | AB2: T_5ACEM | AC2: T_AG | AD2: T_5AGEM | AE2: T_ANYPASS | AF2: T_PTSCNEWE | AG2: T_PTSTNEWE | AH2: T_entbasicn | AI2: L2BASICS
B3: North East | D3: 14623 | E3: 85.5 | F3: 54.7 | G3: 94.3 | H3: 92.4 | I3: 99 | J3: 334.9 | K3: 471.9 | L3: 94.9 | M3: 55.1 | O3: 14171 | P3: 90.4 | Q3: 64.1 | R3: 96.7 | S3: 95.1 | T3: 99.4 | U3: 358.4 | V3: 516.2 | W3: 97.4 | X3: 64.4 | Z3: 28794 | AA3: 87.9 | AB3: 59.3 | AC3: 95.5 | AD3: 93.7 | AE3: 99.2 | AF3: 346.5 | AG3: 493.7 | AH3: 96.2 | AI3: 59.7
B4: County Durham | D4: 2785 | E4: 89.1 | F4: 57.7 | G4: 95.4 | H4: 94.1 | I4: 99.5 | J4: 343.8 | K4: 490.4 | L4: 95.6 | M4: 58 | O4: 2684 | P4: 93.7 | Q4: 68.6 | R4: 97.7 | S4: 96.6 | T4: 99.9 | U4: 369.8 | V4: 543.1 | W4: 98 | X4: 68.8 | Z4: 5469 | AA4: 91.4 | AB4: 63.1 | AC4: 96.6 | AD4: 95.4 | AE4: 99.7 | AF4: 356.5 | AG4: 516.3 | AH4: 96.8 | AI4: 63.3
B5: Darlington | D5: 600 | E5: 88 | F5: 59.8 | G5: 94.7 | H5: 93.5 | I5: 99.7 | J5: 343 | K5: 486.4 | L5: 96.2 | M5: 60 | O5: 558 | P5: 92.7 | Q5: 70.1 | R5: 96.8 | S5: 95.5 | T5: 99.6 | U5: 364.6 | V5: 516.1 | W5: 97.8 | X5: 70.3 | Z5: 1158 | AA5: 90.2 | AB5: 64.8 | AC5: 95.7 | AD5: 94.5 | AE5: 99.7 | AF5: 353.4 | AG5: 500.7 | AH5: 97 | AI5: 64.9
B6: Gateshead | D6: 1099 | E6: 87.9 | F6: 56.9 | G6: 93.4 | H6: 92.5 | I6: 98.9 | J6: 337.5 | K6: 476.2 | L6: 95.6 | M6: 57.1 | O6: 1076 | P6: 92.8 | Q6: 66.7 | R6: 96.3 | S6: 95.2 | T6: 99.4 | U6: 361.9 | V6: 521.2 | W6: 97.3 | X6: 67 | Z6: 2175 | AA6: 90.3 | AB6: 61.7 | AC6: 94.9 | AD6: 93.8 | AE6: 99.2 | AF6: 349.6 | AG6: 498.4 | AH6: 96.5 | AI6: 62
B7: Hartlepool | D7: 582 | E7: 74.4 | F7: 53.4 | G7: 93.5 | H7: 91.6 | I7: 99.7 | J7: 316.4 | K7: 412.7 | L7: 95.5 | M7: 54.5 | O7: 585 | P7: 86.5 | Q7: 64.4 | R7: 97.4 | S7: 96.9 | T7: 100 | U7: 352.5 | V7: 473.4 | W7: 98.3 | X7: 65.5 | Z7: 1167 | AA7: 80.5 | AB7: 59 | AC7: 95.5 | AD7: 94.3 | AE7: 99.8 | AF7: 334.5 | AG7: 443.1 | AH7: 96.9 | AI7: 60
B8: Middlesbrough | D8: 758 | E8: 83.1 | F8: 47.9 | G8: 94.3 | H8: 90.1 | I8: 98 | J8: 325.4 | K8: 450.5 | L8: 93.5 | M8: 48.2 | O8: 752 | P8: 84 | Q8: 52.7 | R8: 94.4 | S8: 90.7 | T8: 98.9 | U8: 339.6 | V8: 473.5 | W8: 95.9 | X8: 52.9 | Z8: 1510 | AA8: 83.6 | AB8: 50.3 | AC8: 94.4 | AD8: 90.4 | AE8: 98.5 | AF8: 332.5 | AG8: 462 | AH8: 94.7 | AI8: 50.5
B9: Newcastle upon Tyne | D9: 1319 | E9: 88.6 | F9: 52.8 | G9: 93.6 | H9: 91.4 | I9: 99.2 | J9: 331.6 | K9: 464.8 | L9: 94 | M9: 52.9 | O9: 1259 | P9: 92.1 | Q9: 62.1 | R9: 95.6 | S9: 93.8 | T9: 99.2 | U9: 353.2 | V9: 512.8 | W9: 96.7 | X9: 62.6 | Z9: 2578 | AA9: 90.3 | AB9: 57.3 | AC9: 94.5 | AD9: 92.6 | AE9: 99.2 | AF9: 342.1 | AG9: 488.3 | AH9: 95.3 | AI9: 57.6
B10: North Tyneside | D10: 1110 | E10: 87.7 | F10: 61.4 | G10: 95.4 | H10: 93.7 | I10: 99.4 | J10: 340 | K10: 480.1 | L10: 94.8 | M10: 61.6 | O10: 1041 | P10: 92.6 | Q10: 68.5 | R10: 97.3 | S10: 95.7 | T10: 99.2 | U10: 362.2 | V10: 524.5 | W10: 97.2 | X10: 68.8 | Z10: 2151 | AA10: 90.1 | AB10: 64.8 | AC10: 96.3 | AD10: 94.7 | AE10: 99.3 | AF10: 350.8 | AG10: 501.6 | AH10: 96 | AI10: 65.1
B11: Northumberland | D11: 1814 | E11: 80.4 | F11: 49.8 | G11: 92.6 | H11: 91.8 | I11: 98.1 | J11: 330.9 | K11: 459.2 | L11: 94.4 | M11: 50.1 | O11: 1774 | P11: 87.9 | Q11: 60.7 | R11: 95.9 | S11: 95 | T11: 99 | U11: 355.6 | V11: 498.7 | W11: 97.2 | X11: 60.9 | Z11: 3588 | AA11: 84.1 | AB11: 55.2 | AC11: 94.3 | AD11: 93.4 | AE11: 98.6 | AF11: 343.1 | AG11: 478.7 | AH11: 95.8 | AI11: 55.5
B12: Redcar and Cleveland | D12: 931 | E12: 79.9 | F12: 51.3 | G12: 92.7 | H12: 90.7 | I12: 97.9 | J12: 320.7 | K12: 444 | L12: 94.7 | M12: 51.7 | O12: 915 | P12: 86.7 | Q12: 59 | R12: 97 | S12: 96.1 | T12: 99.1 | U12: 352 | V12: 502.4 | W12: 98.3 | X12: 59.2 | Z12: 1846 | AA12: 83.3 | AB12: 55.1 | AC12: 94.9 | AD12: 93.3 | AE12: 98.5 | AF12: 336.2 | AG12: 472.9 | AH12: 96.5 | AI12: 55.4
B13: South Tyneside | D13: 886 | E13: 90.4 | F13: 54 | G13: 96.4 | H13: 94.1 | I13: 99.4 | J13: 348 | K13: 502 | L13: 96 | M13: 54.4 | O13: 850 | P13: 95.6 | Q13: 64.7 | R13: 98.7 | S13: 96.4 | T13: 99.4 | U13: 375.1 | V13: 552.8 | W13: 98 | X13: 64.7 | Z13: 1736 | AA13: 93 | AB13: 59.2 | AC13: 97.5 | AD13: 95.2 | AE13: 99.4 | AF13: 361.2 | AG13: 526.9 | AH13: 97 | AI13: 59.4
B14: Stockton-on-Tees | D14: 1130 | E14: 79 | F14: 54.1 | G14: 93.9 | H14: 91.5 | I14: 99.7 | J14: 330.7 | K14: 465.1 | L14: 93.2 | M14: 55 | O14: 1052 | P14: 83.7 | Q14: 61 | R14: 96 | S14: 93.2 | T14: 99.8 | U14: 345.7 | V14: 494.5 | W14: 96.5 | X14: 61.6 | Z14: 2182 | AA14: 81.3 | AB14: 57.4 | AC14: 94.9 | AD14: 92.3 | AE14: 99.8 | AF14: 337.9 | AG14: 479.3 | AH14: 94.8 | AI14: 58.2
... B166: England1 | D166: 323971 | E166: 78 | F166: 53.8 | G166: 92.9 | H166: 88.5 | I166: 99.3 | J166: 326.9 | K166: 435.9 | L166: 91.7 | M166: 54.7 | O166: 308705 | P166: 85.7 | Q166: 64.8 | R166: 95.8 | S166: 92.5 | T166: 100 | U166: 353.4 | V166: 483.1 | W166: 94.9 | X166: 65.4 | Z166: 632676 | AA166: 81.8 | AB166: 59.2 | AC166: 94.3 | AD166: 90.5 | AE166: 99.6 | AF166: 339.8 | AG166: 458.9 | AH166: 93.3 | AI166: 59.9
B167: England1,5 | D167: 323971 | E167: 78 | F167: 53.8 | G167: 92.9 | H167: 88.5 | I167: 99.3 | J167: 326.9 | K167: 435.9 | L167: 91.7 | M167: 54.7 | N167: 0 | O167: 308705 | P167: 85.7 | Q167: 64.8 | R167: 95.8 | S167: 92.5 | T167: 100 | U167: 353.4 | V167: 483.1 | W167: 94.9 | X167: 65.4 | Y167: 0 | Z167: 632676 | AA167: 81.8 | AB167: 59.2 | AC167: 94.3 | AD167: 90.5 | AE167: 99.6 | AF167: 339.8 | AG167: 458.9 | AH167: 93.3 | AI167: 59.9
B170: Boys
B171: Girls
B172: All
B174: Vlookup | C174: =VLOOKUP('Table 17'!I3,'Table 16 data'!B175:C176,2,0) -> 2 | D174: =IF(C174=1,3,12) -> 12
B175: 5 A*-C grades | C175: 1 | D175: 5 A*-C grades
B176: 5 A*-C grades inc E&M | C176: 2 | D176: 5+ A*-C grades including English and mathematics GCSEs

Sheet Table 16
A1: Table 16: GCSE and equivalent results of pupils at the end of key stage 4 by gender for each local authority1 and region
A2: Year: 2012/132 (Revised) | K2: Please select criteria
A3: Coverage: England | K3: Gender: | L3: Boys
C4: =IF(L3="Boys",0,IF(L3="Girls",11,22)) -> 0
C5: Number of end of key stage 4 pupils | D5: Percentage of pupils at the end of key stage 4 achieving at GCSE and equivalents: | I5: Average capped3 GCSE and equivalents point score per pupil | J5: Average GCSE and equivalents point score per pupil | K5: GCSE or iGCSE English and mathematics at A*-C
A6: Region/ Local Authority | B6: Region/ Local Authority number | D6: 5+A*-C grades | E6: 5+ A*-C including English and mathematics GCSEs | F6: 5+A*-G grades | G6: 5+ A*-G including English and mathematics GCSEs | H6: Any passes | K6: Per cent entered | L6: Per cent achieved
A8: North East | B8: E12000001 | C8: =VLOOKUP($A8,T16Percentage,$C$4+'Table 16 data'!D$1,0) -> 14623 | D8: =VLOOKUP($A8,T16Percentage,$C$4+'Table 16 data'!E$1,0) -> 85.5 | E8: =VLOOKUP($A8,T16Percentage,$C$4+'Table 16 data'!F$1,0) -> 54.7 | F8: =VLOOKUP($A8,T16Percentage,$C$4+'Table 16 data'!G$1,0) -> 94.3 | G8: =VLOOKUP($A8,T16Percentage,$C$4+'Table 16 data'!H$1,0) -> 92.4 | H8: =VLOOKUP($A8,T16Percentage,$C$4+'Table 16 data'!I$1,0) -> 99 | I8: =VLOOKUP($A8,T16Percentage,$C$4+'Table 16 data'!J$1,0) -> 334.9 | J8: =VLOOKUP($A8,T16Percentage,$C$4+'Table 16 data'!K$1,0) -> 471.9 | ... L8: =VLOOKUP($A8,T16Percentage,$C$4+'Table 16 data'!M$1,0) -> 55.1
A9: County Durham | B9: E06000047 | C9: =VLOOKUP($A9,T16Percentage,$C$4+'Table 16 data'!D$1,0) -> 2785 | D9: =VLOOKUP($A9,T16Percentage,$C$4+'Table 16 data'!E$1,0) -> 89.1 | E9: =VLOOKUP($A9,T16Percentage,$C$4+'Table 16 data'!F$1,0) -> 57.7 | F9: =VLOOKUP($A9,T16Percentage,$C$4+'Table 16 data'!G$1,0) -> 95.4 | G9: =VLOOKUP($A9,T16Percentage,$C$4+'Table 16 data'!H$1,0) -> 94.1 | H9: =VLOOKUP($A9,T16Percentage,$C$4+'Table 16 data'!I$1,0) -> 99.5 | I9: =VLOOKUP($A9,T16Percentage,$C$4+'Table 16 data'!J$1,0) -> 343.8 | J9: =VLOOKUP($A9,T16Percentage,$C$4+'Table 16 data'!K$1,0) -> 490.4 | ... L9: =VLOOKUP($A9,T16Percentage,$C$4+'Table 16 data'!M$1,0) -> 58
A10: Darlington | B10: E06000005 | C10: =VLOOKUP($A10,T16Percentage,$C$4+'Table 16 data'!D$1,0) -> 600 | D10: =VLOOKUP($A10,T16Percentage,$C$4+'Table 16 data'!E$1,0) -> 88 | E10: =VLOOKUP($A10,T16Percentage,$C$4+'Table 16 data'!F$1,0) -> 59.8 | F10: =VLOOKUP($A10,T16Percentage,$C$4+'Table 16 data'!G$1,0) -> 94.7 | G10: =VLOOKUP($A10,T16Percentage,$C$4+'Table 16 data'!H$1,0) -> 93.5 | H10: =VLOOKUP($A10,T16Percentage,$C$4+'Table 16 data'!I$1,0) -> 99.7 | I10: =VLOOKUP($A10,T16Percentage,$C$4+'Table 16 data'!J$1,0) -> 343 | J10: =VLOOKUP($A10,T16Percentage,$C$4+'Table 16 data'!K$1,0) -> 486.4 | ... L10: =VLOOKUP($A10,T16Percentage,$C$4+'Table 16 data'!M$1,0) -> 60
A11: Gateshead | B11: E08000020 | C11: =VLOOKUP($A11,T16Percentage,$C$4+'Table 16 data'!D$1,0) -> 1099 | D11: =VLOOKUP($A11,T16Percentage,$C$4+'Table 16 data'!E$1,0) -> 87.9 | E11: =VLOOKUP($A11,T16Percentage,$C$4+'Table 16 data'!F$1,0) -> 56.9 | F11: =VLOOKUP($A11,T16Percentage,$C$4+'Table 16 data'!G$1,0) -> 93.4 | G11: =VLOOKUP($A11,T16Percentage,$C$4+'Table 16 data'!H$1,0) -> 92.5 | H11: =VLOOKUP($A11,T16Percentage,$C$4+'Table 16 data'!I$1,0) -> 98.9 | I11: =VLOOKUP($A11,T16Percentage,$C$4+'Table 16 data'!J$1,0) -> 337.5 | J11: =VLOOKUP($A11,T16Percentage,$C$4+'Table 16 data'!K$1,0) -> 476.2 | ... L11: =VLOOKUP($A11,T16Percentage,$C$4+'Table 16 data'!M$1,0) -> 57.1
A12: Hartlepool | B12: E06000001 | C12: =VLOOKUP($A12,T16Percentage,$C$4+'Table 16 data'!D$1,0) -> 582 | D12: =VLOOKUP($A12,T16Percentage,$C$4+'Table 16 data'!E$1,0) -> 74.4 | E12: =VLOOKUP($A12,T16Percentage,$C$4+'Table 16 data'!F$1,0) -> 53.4 | F12: =VLOOKUP($A12,T16Percentage,$C$4+'Table 16 data'!G$1,0) -> 93.5 | G12: =VLOOKUP($A12,T16Percentage,$C$4+'Table 16 data'!H$1,0) -> 91.6 | H12: =VLOOKUP($A12,T16Percentage,$C$4+'Table 16 data'!I$1,0) -> 99.7 | I12: =VLOOKUP($A12,T16Percentage,$C$4+'Table 16 data'!J$1,0) -> 316.4 | J12: =VLOOKUP($A12,T16Percentage,$C$4+'Table 16 data'!K$1,0) -> 412.7 | ... L12: =VLOOKUP($A12,T16Percentage,$C$4+'Table 16 data'!M$1,0) -> 54.5
A13: Middlesbrough | B13: E06000002 | C13: =VLOOKUP($A13,T16Percentage,$C$4+'Table 16 data'!D$1,0) -> 758 | D13: =VLOOKUP($A13,T16Percentage,$C$4+'Table 16 data'!E$1,0) -> 83.1 | E13: =VLOOKUP($A13,T16Percentage,$C$4+'Table 16 data'!F$1,0) -> 47.9 | F13: =VLOOKUP($A13,T16Percentage,$C$4+'Table 16 data'!G$1,0) -> 94.3 | G13: =VLOOKUP($A13,T16Percentage,$C$4+'Table 16 data'!H$1,0) -> 90.1 | H13: =VLOOKUP($A13,T16Percentage,$C$4+'Table 16 data'!I$1,0) -> 98 | I13: =VLOOKUP($A13,T16Percentage,$C$4+'Table 16 data'!J$1,0) -> 325.4 | J13: =VLOOKUP($A13,T16Percentage,$C$4+'Table 16 data'!K$1,0) -> 450.5 | ... L13: =VLOOKUP($A13,T16Percentage,$C$4+'Table 16 data'!M$1,0) -> 48.2
A14: Newcastle upon Tyne | B14: E08000021 | C14: =VLOOKUP($A14,T16Percentage,$C$4+'Table 16 data'!D$1,0) -> 1319 | D14: =VLOOKUP($A14,T16Percentage,$C$4+'Table 16 data'!E$1,0) -> 88.6 | E14: =VLOOKUP($A14,T16Percentage,$C$4+'Table 16 data'!F$1,0) -> 52.8 | F14: =VLOOKUP($A14,T16Percentage,$C$4+'Table 16 data'!G$1,0) -> 93.6 | G14: =VLOOKUP($A14,T16Percentage,$C$4+'Table 16 data'!H$1,0) -> 91.4 | H14: =VLOOKUP($A14,T16Percentage,$C$4+'Table 16 data'!I$1,0) -> 99.2 | I14: =VLOOKUP($A14,T16Percentage,$C$4+'Table 16 data'!J$1,0) -> 331.6 | J14: =VLOOKUP($A14,T16Percentage,$C$4+'Table 16 data'!K$1,0) -> 464.8 | ... L14: =VLOOKUP($A14,T16Percentage,$C$4+'Table 16 data'!M$1,0) -> 52.9
A15: North Tyneside | B15: E08000022 | C15: =VLOOKUP($A15,T16Percentage,$C$4+'Table 16 data'!D$1,0) -> 1110 | D15: =VLOOKUP($A15,T16Percentage,$C$4+'Table 16 data'!E$1,0) -> 87.7 | E15: =VLOOKUP($A15,T16Percentage,$C$4+'Table 16 data'!F$1,0) -> 61.4 | F15: =VLOOKUP($A15,T16Percentage,$C$4+'Table 16 data'!G$1,0) -> 95.4 | G15: =VLOOKUP($A15,T16Percentage,$C$4+'Table 16 data'!H$1,0) -> 93.7 | H15: =VLOOKUP($A15,T16Percentage,$C$4+'Table 16 data'!I$1,0) -> 99.4 | I15: =VLOOKUP($A15,T16Percentage,$C$4+'Table 16 data'!J$1,0) -> 340 | J15: =VLOOKUP($A15,T16Percentage,$C$4+'Table 16 data'!K$1,0) -> 480.1 | ... L15: =VLOOKUP($A15,T16Percentage,$C$4+'Table 16 data'!M$1,0) -> 61.6
A16: Northumberland | B16: E06000048 | C16: =VLOOKUP($A16,T16Percentage,$C$4+'Table 16 data'!D$1,0) -> 1814 | D16: =VLOOKUP($A16,T16Percentage,$C$4+'Table 16 data'!E$1,0) -> 80.4 | E16: =VLOOKUP($A16,T16Percentage,$C$4+'Table 16 data'!F$1,0) -> 49.8 | F16: =VLOOKUP($A16,T16Percentage,$C$4+'Table 16 data'!G$1,0) -> 92.6 | G16: =VLOOKUP($A16,T16Percentage,$C$4+'Table 16 data'!H$1,0) -> 91.8 | H16: =VLOOKUP($A16,T16Percentage,$C$4+'Table 16 data'!I$1,0) -> 98.1 | I16: =VLOOKUP($A16,T16Percentage,$C$4+'Table 16 data'!J$1,0) -> 330.9 | J16: =VLOOKUP($A16,T16Percentage,$C$4+'Table 16 data'!K$1,0) -> 459.2 | ... L16: =VLOOKUP($A16,T16Percentage,$C$4+'Table 16 data'!M$1,0) -> 50.1
A17: Redcar and Cleveland | B17: E06000003 | C17: =VLOOKUP($A17,T16Percentage,$C$4+'Table 16 data'!D$1,0) -> 931 | D17: =VLOOKUP($A17,T16Percentage,$C$4+'Table 16 data'!E$1,0) -> 79.9 | E17: =VLOOKUP($A17,T16Percentage,$C$4+'Table 16 data'!F$1,0) -> 51.3 | F17: =VLOOKUP($A17,T16Percentage,$C$4+'Table 16 data'!G$1,0) -> 92.7 | G17: =VLOOKUP($A17,T16Percentage,$C$4+'Table 16 data'!H$1,0) -> 90.7 | H17: =VLOOKUP($A17,T16Percentage,$C$4+'Table 16 data'!I$1,0) -> 97.9 | I17: =VLOOKUP($A17,T16Percentage,$C$4+'Table 16 data'!J$1,0) -> 320.7 | J17: =VLOOKUP($A17,T16Percentage,$C$4+'Table 16 data'!K$1,0) -> 444 | ... L17: =VLOOKUP($A17,T16Percentage,$C$4+'Table 16 data'!M$1,0) -> 51.7
A18: South Tyneside | B18: E08000023 | C18: =VLOOKUP($A18,T16Percentage,$C$4+'Table 16 data'!D$1,0) -> 886 | D18: =VLOOKUP($A18,T16Percentage,$C$4+'Table 16 data'!E$1,0) -> 90.4 | E18: =VLOOKUP($A18,T16Percentage,$C$4+'Table 16 data'!F$1,0) -> 54 | F18: =VLOOKUP($A18,T16Percentage,$C$4+'Table 16 data'!G$1,0) -> 96.4 | G18: =VLOOKUP($A18,T16Percentage,$C$4+'Table 16 data'!H$1,0) -> 94.1 | H18: =VLOOKUP($A18,T16Percentage,$C$4+'Table 16 data'!I$1,0) -> 99.4 | I18: =VLOOKUP($A18,T16Percentage,$C$4+'Table 16 data'!J$1,0) -> 348 | J18: =VLOOKUP($A18,T16Percentage,$C$4+'Table 16 data'!K$1,0) -> 502 | ... L18: =VLOOKUP($A18,T16Percentage,$C$4+'Table 16 data'!M$1,0) -> 54.4
A19: Stockton-on-Tees | B19: E06000004 | C19: =VLOOKUP($A19,T16Percentage,$C$4+'Table 16 data'!D$1,0) -> 1130 | D19: =VLOOKUP($A19,T16Percentage,$C$4+'Table 16 data'!E$1,0) -> 79 | E19: =VLOOKUP($A19,T16Percentage,$C$4+'Table 16 data'!F$1,0) -> 54.1 | F19: =VLOOKUP($A19,T16Percentage,$C$4+'Table 16 data'!G$1,0) -> 93.9 | G19: =VLOOKUP($A19,T16Percentage,$C$4+'Table 16 data'!H$1,0) -> 91.5 | H19: =VLOOKUP($A19,T16Percentage,$C$4+'Table 16 data'!I$1,0) -> 99.7 | I19: =VLOOKUP($A19,T16Percentage,$C$4+'Table 16 data'!J$1,0) -> 330.7 | J19: =VLOOKUP($A19,T16Percentage,$C$4+'Table 16 data'!K$1,0) -> 465.1 | ... L19: =VLOOKUP($A19,T16Percentage,$C$4+'Table 16 data'!M$1,0) -> 55
... A106: Camden | B106: E09000007 | C106: =VLOOKUP($A106,T16Percentage,$C$4+'Table 16 data'!D$1,0) -> 627 | D106: =VLOOKUP($A106,T16Percentage,$C$4+'Table 16 data'!E$1,0) -> 69.1 | E106: =VLOOKUP($A106,T16Percentage,$C$4+'Table 16 data'!F$1,0) -> 49.6 | F106: =VLOOKUP($A106,T16Percentage,$C$4+'Table 16 data'!G$1,0) -> 92.7 | G106: =VLOOKUP($A106,T16Percentage,$C$4+'Table 16 data'!H$1,0) -> 91.7 | H106: =VLOOKUP($A106,T16Percentage,$C$4+'Table 16 data'!I$1,0) -> 97.9 | I106: =VLOOKUP($A106,T16Percentage,$C$4+'Table 16 data'!J$1,0) -> 316.2 | J106: =VLOOKUP($A106,T16Percentage,$C$4+'Table 16 data'!K$1,0) -> 408.9 | ... L106: =VLOOKUP($A106,T16Percentage,$C$4+'Table 16 data'!M$1,0) -> 51.7
A107: City of London | B107: E09000001 | C107: . | D107: . | E107: . | F107: . | G107: . | H107: . | I107: . | J107: . | K107: . | L107: .
A108: Hackney | B108: E09000012 | C108: =VLOOKUP($A108,T16Percentage,$C$4+'Table 16 data'!D$1,0) -> 682 | D108: =VLOOKUP($A108,T16Percentage,$C$4+'Table 16 data'!E$1,0) -> 77.6 | E108: =VLOOKUP($A108,T16Percentage,$C$4+'Table 16 data'!F$1,0) -> 58.7 | F108: =VLOOKUP($A108,T16Percentage,$C$4+'Table 16 data'!G$1,0) -> 94.3 | G108: =VLOOKUP($A108,T16Percentage,$C$4+'Table 16 data'!H$1,0) -> 91.5 | H108: =VLOOKUP($A108,T16Percentage,$C$4+'Table 16 data'!I$1,0) -> 98.8 | I108: =VLOOKUP($A108,T16Percentage,$C$4+'Table 16 data'!J$1,0) -> 325.3 | J108: =VLOOKUP($A108,T16Percentage,$C$4+'Table 16 data'!K$1,0) -> 404.5 | ... L108: =VLOOKUP($A108,T16Percentage,$C$4+'Table 16 data'!M$1,0) -> 60
A109: Hammersmith and Fulham | B109: E09000013 | C109: =VLOOKUP($A109,T16Percentage,$C$4+'Table 16 data'!D$1,0) -> 558 | D109: =VLOOKUP($A109,T16Percentage,$C$4+'Table 16 data'!E$1,0) -> 79.9 | E109: =VLOOKUP($A109,T16Percentage,$C$4+'Table 16 data'!F$1,0) -> 60.8 | F109: =VLOOKUP($A109,T16Percentage,$C$4+'Table 16 data'!G$1,0) -> 95 | G109: =VLOOKUP($A109,T16Percentage,$C$4+'Table 16 data'!H$1,0) -> 93.9 | H109: =VLOOKUP($A109,T16Percentage,$C$4+'Table 16 data'!I$1,0) -> 99.8 | I109: =VLOOKUP($A109,T16Percentage,$C$4+'Table 16 data'!J$1,0) -> 347.1 | J109: =VLOOKUP($A109,T16Percentage,$C$4+'Table 16 data'!K$1,0) -> 448.5 | ... L109: =VLOOKUP($A109,T16Percentage,$C$4+'Table 16 data'!M$1,0) -> 61.1
A110: Haringey | B110: E09000014 | C110: =VLOOKUP($A110,T16Percentage,$C$4+'Table 16 data'!D$1,0) -> 1107 | D110: =VLOOKUP($A110,T16Percentage,$C$4+'Table 16 data'!E$1,0) -> 81.4 | E110: =VLOOKUP($A110,T16Percentage,$C$4+'Table 16 data'!F$1,0) -> 60.4 | F110: =VLOOKUP($A110,T16Percentage,$C$4+'Table 16 data'!G$1,0) -> 93.6 | G110: =VLOOKUP($A110,T16Percentage,$C$4+'Table 16 data'!H$1,0) -> 91.8 | H110: =VLOOKUP($A110,T16Percentage,$C$4+'Table 16 data'!I$1,0) -> 99.3 | I110: =VLOOKUP($A110,T16Percentage,$C$4+'Table 16 data'!J$1,0) -> 328.7 | J110: =VLOOKUP($A110,T16Percentage,$C$4+'Table 16 data'!K$1,0) -> 416 | ... L110: =VLOOKUP($A110,T16Percentage,$C$4+'Table 16 data'!M$1,0) -> 61.3
A111: Islington | B111: E09000019 | C111: =VLOOKUP($A111,T16Percentage,$C$4+'Table 16 data'!D$1,0) -> 772 | D111: =VLOOKUP($A111,T16Percentage,$C$4+'Table 16 data'!E$1,0) -> 85.8 | E111: =VLOOKUP($A111,T16Percentage,$C$4+'Table 16 data'!F$1,0) -> 63.7 | F111: =VLOOKUP($A111,T16Percentage,$C$4+'Table 16 data'!G$1,0) -> 96.6 | G111: =VLOOKUP($A111,T16Percentage,$C$4+'Table 16 data'!H$1,0) -> 95.3 | H111: =VLOOKUP($A111,T16Percentage,$C$4+'Table 16 data'!I$1,0) -> 98.6 | I111: =VLOOKUP($A111,T16Percentage,$C$4+'Table 16 data'!J$1,0) -> 336.8 | J111: =VLOOKUP($A111,T16Percentage,$C$4+'Table 16 data'!K$1,0) -> 440.7 | ... L111: =VLOOKUP($A111,T16Percentage,$C$4+'Table 16 data'!M$1,0) -> 64.8
A112: Kensington and Chelsea | B112: E09000020 | C112: =VLOOKUP($A112,T16Percentage,$C$4+'Table 16 data'!D$1,0) -> 328 | D112: =VLOOKUP($A112,T16Percentage,$C$4+'Table 16 data'!E$1,0) -> 94.8 | E112: =VLOOKUP($A112,T16Percentage,$C$4+'Table 16 data'!F$1,0) -> 83.2 | F112: =VLOOKUP($A112,T16Percentage,$C$4+'Table 16 data'!G$1,0) -> 97.6 | G112: =VLOOKUP($A112,T16Percentage,$C$4+'Table 16 data'!H$1,0) -> 96.6 | H112: =VLOOKUP($A112,T16Percentage,$C$4+'Table 16 data'!I$1,0) -> 99.4 | I112: =VLOOKUP($A112,T16Percentage,$C$4+'Table 16 data'!J$1,0) -> 377.6 | J112: =VLOOKUP($A112,T16Percentage,$C$4+'Table 16 data'!K$1,0) -> 581.3 | ... L112: =VLOOKUP($A112,T16Percentage,$C$4+'Table 16 data'!M$1,0) -> 83.2
A113: Lambeth | B113: E09000022 | C113: =VLOOKUP($A113,T16Percentage,$C$4+'Table 16 data'!D$1,0) -> 935 | D113: =VLOOKUP($A113,T16Percentage,$C$4+'Table 16 data'!E$1,0) -> 83.1 | E113: =VLOOKUP($A113,T16Percentage,$C$4+'Table 16 data'!F$1,0) -> 63.3 | F113: =VLOOKUP($A113,T16Percentage,$C$4+'Table 16 data'!G$1,0) -> 94.7 | G113: =VLOOKUP($A113,T16Percentage,$C$4+'Table 16 data'!H$1,0) -> 93.6 | H113: =VLOOKUP($A113,T16Percentage,$C$4+'Table 16 data'!I$1,0) -> 99.4 | I113: =VLOOKUP($A113,T16Percentage,$C$4+'Table 16 data'!J$1,0) -> 328.4 | J113: =VLOOKUP($A113,T16Percentage,$C$4+'Table 16 data'!K$1,0) -> 428.8 | ... L113: =VLOOKUP($A113,T16Percentage,$C$4+'Table 16 data'!M$1,0) -> 64.7
A114: Lewisham | B114: E09000023 | C114: =VLOOKUP($A114,T16Percentage,$C$4+'Table 16 data'!D$1,0) -> 1191 | D114: =VLOOKUP($A114,T16Percentage,$C$4+'Table 16 data'!E$1,0) -> 77.2 | E114: =VLOOKUP($A114,T16Percentage,$C$4+'Table 16 data'!F$1,0) -> 52.6 | F114: =VLOOKUP($A114,T16Percentage,$C$4+'Table 16 data'!G$1,0) -> 93 | G114: =VLOOKUP($A114,T16Percentage,$C$4+'Table 16 data'!H$1,0) -> 91 | H114: =VLOOKUP($A114,T16Percentage,$C$4+'Table 16 data'!I$1,0) -> 98.3 | I114: =VLOOKUP($A114,T16Percentage,$C$4+'Table 16 data'!J$1,0) -> 313.8 | J114: =VLOOKUP($A114,T16Percentage,$C$4+'Table 16 data'!K$1,0) -> 405.3 | ... L114: =VLOOKUP($A114,T16Percentage,$C$4+'Table 16 data'!M$1,0) -> 53.7
A115: Newham | B115: E09000025 | C115: =VLOOKUP($A115,T16Percentage,$C$4+'Table 16 data'!D$1,0) -> 1699 | D115: =VLOOKUP($A115,T16Percentage,$C$4+'Table 16 data'!E$1,0) -> 75.8 | E115: =VLOOKUP($A115,T16Percentage,$C$4+'Table 16 data'!F$1,0) -> 52.7 | F115: =VLOOKUP($A115,T16Percentage,$C$4+'Table 16 data'!G$1,0) -> 95.4 | G115: =VLOOKUP($A115,T16Percentage,$C$4+'Table 16 data'!H$1,0) -> 93.8 | H115: =VLOOKUP($A115,T16Percentage,$C$4+'Table 16 data'!I$1,0) -> 99.5 | I115: =VLOOKUP($A115,T16Percentage,$C$4+'Table 16 data'!J$1,0) -> 323.4 | J115: =VLOOKUP($A115,T16Percentage,$C$4+'Table 16 data'!K$1,0) -> 434.6 | ... L115: =VLOOKUP($A115,T16Percentage,$C$4+'Table 16 data'!M$1,0) -> 53.9
A116: Southwark | B116: E09000028 | C116: =VLOOKUP($A116,T16Percentage,$C$4+'Table 16 data'!D$1,0) -> 1164 | D116: =VLOOKUP($A116,T16Percentage,$C$4+'Table 16 data'!E$1,0) -> 80.8 | E116: =VLOOKUP($A116,T16Percentage,$C$4+'Table 16 data'!F$1,0) -> 62.5 | F116: =VLOOKUP($A116,T16Percentage,$C$4+'Table 16 data'!G$1,0) -> 93.6 | G116: =VLOOKUP($A116,T16Percentage,$C$4+'Table 16 data'!H$1,0) -> 93 | H116: =VLOOKUP($A116,T16Percentage,$C$4+'Table 16 data'!I$1,0) -> 98.2 | I116: =VLOOKUP($A116,T16Percentage,$C$4+'Table 16 data'!J$1,0) -> 325 | J116: =VLOOKUP($A116,T16Percentage,$C$4+'Table 16 data'!K$1,0) -> 431.1 | ... L116: =VLOOKUP($A116,T16Percentage,$C$4+'Table 16 data'!M$1,0) -> 64.5
A117: Tower Hamlets | B117: E09000030 | C117: =VLOOKUP($A117,T16Percentage,$C$4+'Table 16 data'!D$1,0) -> 1281 | D117: =VLOOKUP($A117,T16Percentage,$C$4+'Table 16 data'!E$1,0) -> 81.9 | E117: =VLOOKUP($A117,T16Percentage,$C$4+'Table 16 data'!F$1,0) -> 62.4 | F117: =VLOOKUP($A117,T16Percentage,$C$4+'Table 16 data'!G$1,0) -> 96.6 | G117: =VLOOKUP($A117,T16Percentage,$C$4+'Table 16 data'!H$1,0) -> 94.4 | H117: =VLOOKUP($A117,T16Percentage,$C$4+'Table 16 data'!I$1,0) -> 99.6 | I117: =VLOOKUP($A117,T16Percentage,$C$4+'Table 16 data'!J$1,0) -> 332.2 | J117: =VLOOKUP($A117,T16Percentage,$C$4+'Table 16 data'!K$1,0) -> 439.9 | ... L117: =VLOOKUP($A117,T16Percentage,$C$4+'Table 16 data'!M$1,0) -> 62.9
A118: Wandsworth | B118: E09000032 | C118: =VLOOKUP($A118,T16Percentage,$C$4+'Table 16 data'!D$1,0) -> 1007 | D118: =VLOOKUP($A118,T16Percentage,$C$4+'Table 16 data'!E$1,0) -> 81.1 | E118: =VLOOKUP($A118,T16Percentage,$C$4+'Table 16 data'!F$1,0) -> 57.4 | F118: =VLOOKUP($A118,T16Percentage,$C$4+'Table 16 data'!G$1,0) -> 92.6 | G118: =VLOOKUP($A118,T16Percentage,$C$4+'Table 16 data'!H$1,0) -> 92.1 | H118: =VLOOKUP($A118,T16Percentage,$C$4+'Table 16 data'!I$1,0) -> 97.7 | I118: =VLOOKUP($A118,T16Percentage,$C$4+'Table 16 data'!J$1,0) -> 334.8 | J118: =VLOOKUP($A118,T16Percentage,$C$4+'Table 16 data'!K$1,0) -> 460.3 | ... L118: =VLOOKUP($A118,T16Percentage,$C$4+'Table 16 data'!M$1,0) -> 59
A119: Westminster | B119: E09000033 | C119: =VLOOKUP($A119,T16Percentage,$C$4+'Table 16 data'!D$1,0) -> 651 | D119: =VLOOKUP($A119,T16Percentage,$C$4+'Table 16 data'!E$1,0) -> 84.3 | E119: =VLOOKUP($A119,T16Percentage,$C$4+'Table 16 data'!F$1,0) -> 64.1 | F119: =VLOOKUP($A119,T16Percentage,$C$4+'Table 16 data'!G$1,0) -> 97.7 | G119: =VLOOKUP($A119,T16Percentage,$C$4+'Table 16 data'!H$1,0) -> 96.5 | H119: =VLOOKUP($A119,T16Percentage,$C$4+'Table 16 data'!I$1,0) -> 99.2 | I119: =VLOOKUP($A119,T16Percentage,$C$4+'Table 16 data'!J$1,0) -> 340.6 | J119: =VLOOKUP($A119,T16Percentage,$C$4+'Table 16 data'!K$1,0) -> 441 | ... L119: =VLOOKUP($A119,T16Percentage,$C$4+'Table 16 data'!M$1,0) -> 65.9
... A179: Wiltshire | B179: E06000054 | C179: =VLOOKUP($A179,T16Percentage,$C$4+'Table 16 data'!D$1,0) -> 2631 | D179: =VLOOKUP($A179,T16Percentage,$C$4+'Table 16 data'!E$1,0) -> 75.8 | E179: =VLOOKUP($A179,T16Percentage,$C$4+'Table 16 data'!F$1,0) -> 53.6 | F179: =VLOOKUP($A179,T16Percentage,$C$4+'Table 16 data'!G$1,0) -> 95.4 | G179: =VLOOKUP($A179,T16Percentage,$C$4+'Table 16 data'!H$1,0) -> 89.4 | H179: =VLOOKUP($A179,T16Percentage,$C$4+'Table 16 data'!I$1,0) -> 99.5 | I179: =VLOOKUP($A179,T16Percentage,$C$4+'Table 16 data'!J$1,0) -> 330.1 | J179: =VLOOKUP($A179,T16Percentage,$C$4+'Table 16 data'!K$1,0) -> 438.3 | ... L179: =VLOOKUP($A179,T16Percentage,$C$4+'Table 16 data'!M$1,0) -> 54.4
A181: Total (state-funded sector)1 | C181: =VLOOKUP($A181,T16Percentage,$C$4+'Table 16 data'!D$1,0) -> 289800 | D181: =VLOOKUP($A181,T16Percentage,$C$4+'Table 16 data'!E$1,0) -> 79.8 | E181: =VLOOKUP($A181,T16Percentage,$C$4+'Table 16 data'!F$1,0) -> 55.9 | F181: =VLOOKUP($A181,T16Percentage,$C$4+'Table 16 data'!G$1,0) -> 95 | G181: =VLOOKUP($A181,T16Percentage,$C$4+'Table 16 data'!H$1,0) -> 93.2 | H181: =VLOOKUP($A181,T16Percentage,$C$4+'Table 16 data'!I$1,0) -> 99.2 | I181: =VLOOKUP($A181,T16Percentage,$C$4+'Table 16 data'!J$1,0) -> 330.8 | J181: =VLOOKUP($A181,T16Percentage,$C$4+'Table 16 data'!K$1,0) -> 447.6 | ... L181: =VLOOKUP($A181,T16Percentage,$C$4+'Table 16 data'!M$1,0) -> 56.8
A183: England1 | B183: E92000001 | C183: =VLOOKUP($A183,T16Percentage,$C$4+'Table 16 data'!D$1,0) -> 323971 | D183: =VLOOKUP($A183,T16Percentage,$C$4+'Table 16 data'!E$1,0) -> 78 | E183: =VLOOKUP($A183,T16Percentage,$C$4+'Table 16 data'!F$1,0) -> 53.8 | F183: =VLOOKUP($A183,T16Percentage,$C$4+'Table 16 data'!G$1,0) -> 92.9 | G183: =VLOOKUP($A183,T16Percentage,$C$4+'Table 16 data'!H$1,0) -> 88.5 | H183: =VLOOKUP($A183,T16Percentage,$C$4+'Table 16 data'!I$1,0) -> 99.3 | I183: =VLOOKUP($A183,T16Percentage,$C$4+'Table 16 data'!J$1,0) -> 326.9 | J183: =VLOOKUP($A183,T16Percentage,$C$4+'Table 16 data'!K$1,0) -> 435.9 | ... L183: =VLOOKUP($A183,T16Percentage,$C$4+'Table 16 data'!M$1,0) -> 54.7
L185: Source: 2012/13 key stage 4 attainment data (Revised)
A186: 1. Local authority, region and the Total (state-funded sector) figures cover achievements in state-funded schools only. They do not include pupils recently arrived from overseas and so will not match with state-funded figures in the main tables. The 'England' line above includes all pupils from state-funded schools, independent schools, independent special schools, non-maintained special schools, hospital schools and alternative provision including academy and free school alternative provision and pupil referral units.
A187: 2. Including entries and achievements by these pupils in previous academic years.
A188: 3. Average capped point scores are calculated using the best 8 GCSE and equivalent results.
A189: 4. Figures for Bracknell Forest local authority, South East region and Total (state-funded sector) have been updated as of March 2014 to include previously missing GCSE mathematics results.
A191: . Not applicable.

Sheet GCSE Data Set - Girls
A1: Region/ Local Authority | D1: Region/ Local Authority number | E1: Number of end of key stage 4 pupils | F1: 5+A*-C grades
A2: North East | D2: E12000001 | E2: 14171 | F2: 90.4
A3: County Durham | D3: E06000047 | E3: 2684 | F3: 93.7
A4: Darlington | D4: E06000005 | E4: 558 | F4: 92.7
A5: Gateshead | D5: E08000020 | E5: 1076 | F5: 92.8
A6: Hartlepool | D6: E06000001 | E6: 585 | F6: 86.5
A7: Middlesbrough | D7: E06000002 | E7: 752 | F7: 84
A8: Newcastle upon Tyne | D8: E08000021 | E8: 1259 | F8: 92.1
A9: North Tyneside | D9: E08000022 | E9: 1041 | F9: 92.6
A10: Northumberland | D10: E06000048 | E10: 1774 | F10: 87.9
A11: Redcar and Cleveland | D11: E06000003 | E11: 915 | F11: 86.7
A12: South Tyneside | D12: E08000023 | E12: 850 | F12: 95.6
A13: Stockton-on-Tees | D13: E06000004 | E13: 1052 | F13: 83.7
... A100: Camden | D100: E09000007 | E100: 881 | F100: 83.5
A101: City of London | D101: E09000001 | E101: . | F101: .
A102: Hackney | D102: E09000012 | E102: 967 | F102: 81.1
A103: Hammersmith and Fulham | D103: E09000013 | E103: 597 | F103: 86.8
A104: Haringey | D104: E09000014 | E104: 1076 | F104: 85.6
A105: Islington | D105: E09000019 | E105: 664 | F105: 79.7
A106: Kensington and Chelsea | D106: E09000020 | E106: 283 | F106: 89
A107: Lambeth | D107: E09000022 | E107: 946 | F107: 89.7
A108: Lewisham | D108: E09000023 | E108: 1155 | F108: 81
A109: Newham | D109: E09000025 | E109: 1769 | F109: 82.2
A110: Southwark | D110: E09000028 | E110: 1182 | F110: 89.3
A111: Tower Hamlets | D111: E09000030 | E111: 1240 | F111: 89.9
A112: Wandsworth | D112: E09000032 | E112: 839 | F112: 85.3
A113: Westminster | D113: E09000033 | E113: 763 | F113: 89
... A173: Wiltshire | D173: E06000054 | E173: 2636 | F173: 83.8

Sheet GCSE Data Set - Boys
A1: Region/ Local Authority | D1: Region/ Local Authority number | E1: Number of end of key stage 4 pupils | F1: 5+A*-C grades
A2: North East | D2: E12000001 | E2: 14623 | F2: 85.5
A3: County Durham | D3: E06000047 | E3: 2785 | F3: 89.1
A4: Darlington | D4: E06000005 | E4: 600 | F4: 88
A5: Gateshead | D5: E08000020 | E5: 1099 | F5: 87.9
A6: Hartlepool | D6: E06000001 | E6: 582 | F6: 74.4
A7: Middlesbrough | D7: E06000002 | E7: 758 | F7: 83.1
A8: Newcastle upon Tyne | D8: E08000021 | E8: 1319 | F8: 88.6
A9: North Tyneside | D9: E08000022 | E9: 1110 | F9: 87.7
A10: Northumberland | D10: E06000048 | E10: 1814 | F10: 80.4
A11: Redcar and Cleveland | D11: E06000003 | E11: 931 | F11: 79.9
A12: South Tyneside | D12: E08000023 | E12: 886 | F12: 90.4
A13: Stockton-on-Tees | D13: E06000004 | E13: 1130 | F13: 79
... A100: Camden | D100: E09000007 | E100: 627 | F100: 69.1
A101: City of London | D101: E09000001 | E101: . | F101: .
A102: Hackney | D102: E09000012 | E102: 682 | F102: 77.6
A103: Hammersmith and Fulham | D103: E09000013 | E103: 558 | F103: 79.9
A104: Haringey | D104: E09000014 | E104: 1107 | F104: 81.4
A105: Islington | D105: E09000019 | E105: 772 | F105: 85.8
A106: Kensington and Chelsea | D106: E09000020 | E106: 328 | F106: 94.8
A107: Lambeth | D107: E09000022 | E107: 935 | F107: 83.1
A108: Lewisham | D108: E09000023 | E108: 1191 | F108: 77.2
A109: Newham | D109: E09000025 | E109: 1699 | F109: 75.8
A110: Southwark | D110: E09000028 | E110: 1164 | F110: 80.8
A111: Tower Hamlets | D111: E09000030 | E111: 1281 | F111: 81.9
A112: Wandsworth | D112: E09000032 | E112: 1007 | F112: 81.1
A113: Westminster | D113: E09000033 | E113: 651 | F113: 84.3
... A173: Wiltshire | D173: E06000054 | E173: 2631 | F173: 75.8

Sheet Table 17
A1: Table 17: GCSE and equivalent results of pupils at the end of key stage 4 for each local authority1 and region
A2: Year: 2005/06 to 2012/132 (Revised) | I2: Please select criteria
A3: Coverage: England | I3: 5 A*-C grades inc E&M
A5: Region/ Local Authority | B5: Region/ Local Authority number | C5: Percentage of pupils at the end of key stage 4 achieving at GCSE and equivalents:
C6: =IF('Table 16 data'!C174=1,'Table 16 data'!D175,'Table 16 data'!D176) -> 5+ A*-C grades including English and mathematics GCSEs
C7: 2005/06 | D7: 2006/07 | E7: 2007/08 | F7: 2008/09 | G7: 2009/10 | H7: 2010/11 | I7: 2011/12 | J7: 2012/13
A9: North East | B9: E12000001 | C9: =VLOOKUP($A9,'Table 17 data'!$A$9:$S$186,'Table 16 data'!$D$174+'Table 17 data'!C$4,0) -> 40.4 | D9: =VLOOKUP($A9,'Table 17 data'!$A$9:$S$186,'Table 16 data'!$D$174+'Table 17 data'!D$4,0) -> 41.9 | E9: =VLOOKUP($A9,'Table 17 data'!$A$9:$S$186,'Table 16 data'!$D$174+'Table 17 data'!E$4,0) -> 44.9 | F9: =VLOOKUP($A9,'Table 17 data'!$A$9:$S$186,'Table 16 data'!$D$174+'Table 17 data'!F$4,0) -> 48.1 | G9: =VLOOKUP($A9,'Table 17 data'!$A$9:$S$186,'Table 16 data'!$D$174+'Table 17 data'!G$4,0) -> 52.9 | H9: =VLOOKUP($A9,'Table 17 data'!$A$9:$S$186,'Table 16 data'!$D$174+'Table 17 data'!H$4,0) -> 56.8 | I9: =VLOOKUP($A9,'Table 17 data'!$A$9:$S$186,'Table 16 data'!$D$174+'Table 17 data'!I$4,0) -> 58.5 | J9: =VLOOKUP($A9,'Table 17 data'!$A$9:$S$186,'Table 16 data'!$D$174+'Table 17 data'!J$4,0) -> 59.3
A10: County Durham | B10: E06000047 | C10: =VLOOKUP($A10,'Table 17 data'!$A$9:$S$186,'Table 16 data'!$D$174+'Table 17 data'!C$4,0) -> 40.4 | D10: =VLOOKUP($A10,'Table 17 data'!$A$9:$S$186,'Table 16 data'!$D$174+'Table 17 data'!D$4,0) -> 42.3 | E10: =VLOOKUP($A10,'Table 17 data'!$A$9:$S$186,'Table 16 data'!$D$174+'Table 17 data'!E$4,0) -> 44.5 | F10: =VLOOKUP($A10,'Table 17 data'!$A$9:$S$186,'Table 16 data'!$D$174+'Table 17 data'!F$4,0) -> 48.7 | G10: =VLOOKUP($A10,'Table 17 data'!$A$9:$S$186,'Table 16 data'!$D$174+'Table 17 data'!G$4,0) -> 55.8 | H10: =VLOOKUP($A10,'Table 17 data'!$A$9:$S$186,'Table 16 data'!$D$174+'Table 17 data'!H$4,0) -> 60 | I10: =VLOOKUP($A10,'Table 17 data'!$A$9:$S$186,'Table 16 data'!$D$174+'Table 17 data'!I$4,0) -> 62.5 | J10: =VLOOKUP($A10,'Table 17 data'!$A$9:$S$186,'Table 16 data'!$D$174+'Table 17 data'!J$4,0) -> 63.1
A11: Darlington | B11: E06000005 | C11: =VLOOKUP($A11,'Table 17 data'!$A$9:$S$186,'Table 16 data'!$D$174+'Table 17 data'!C$4,0) -> 44.7 | D11: =VLOOKUP($A11,'Table 17 data'!$A$9:$S$186,'Table 16 data'!$D$174+'Table 17 data'!D$4,0) -> 46 | E11: =VLOOKUP($A11,'Table 17 data'!$A$9:$S$186,'Table 16 data'!$D$174+'Table 17 data'!E$4,0) -> 47.7 | F11: =VLOOKUP($A11,'Table 17 data'!$A$9:$S$186,'Table 16 data'!$D$174+'Table 17 data'!F$4,0) -> 51.6 | G11: =VLOOKUP($A11,'Table 17 data'!$A$9:$S$186,'Table 16 data'!$D$174+'Table 17 data'!G$4,0) -> 54.7 | H11: =VLOOKUP($A11,'Table 17 data'!$A$9:$S$186,'Table 16 data'!$D$174+'Table 17 data'!H$4,0) -> 65.7 | I11: =VLOOKUP($A11,'Table 17 data'!$A$9:$S$186,'Table 16 data'!$D$174+'Table 17 data'!I$4,0) -> 62.2 | J11: =VLOOKUP($A11,'Table 17 data'!$A$9:$S$186,'Table 16 data'!$D$174+'Table 17 data'!J$4,0) -> 64.8
A12: Gateshead | B12: E08000020 | C12: =VLOOKUP($A12,'Table 17 data'!$A$9:$S$186,'Table 16 data'!$D$174+'Table 17 data'!C$4,0) -> 45 | D12: =VLOOKUP($A12,'Table 17 data'!$A$9:$S$186,'Table 16 data'!$D$174+'Table 17 data'!D$4,0) -> 45.5 | E12: =VLOOKUP($A12,'Table 17 data'!$A$9:$S$186,'Table 16 data'!$D$174+'Table 17 data'!E$4,0) -> 47 | F12: =VLOOKUP($A12,'Table 17 data'!$A$9:$S$186,'Table 16 data'!$D$174+'Table 17 data'!F$4,0) -> 52.3 | G12: =VLOOKUP($A12,'Table 17 data'!$A$9:$S$186,'Table 16 data'!$D$174+'Table 17 data'!G$4,0) -> 54.2 | H12: =VLOOKUP($A12,'Table 17 data'!$A$9:$S$186,'Table 16 data'!$D$174+'Table 17 data'!H$4,0) -> 60.3 | I12: =VLOOKUP($A12,'Table 17 data'!$A$9:$S$186,'Table 16 data'!$D$174+'Table 17 data'!I$4,0) -> 60.6 | J12: =VLOOKUP($A12,'Table 17 data'!$A$9:$S$186,'Table 16 data'!$D$174+'Table 17 data'!J$4,0) -> 61.7
A13: Hartlepool | B13: E06000001 | C13: =VLOOKUP($A13,'Table 17 data'!$A$9:$S$186,'Table 16 data'!$D$174+'Table 17 data'!C$4,0) -> 37.5 | D13: =VLOOKUP($A13,'Table 17 data'!$A$9:$S$186,'Table 16 data'!$D$174+'Table 17 data'!D$4,0) -> 38.6 | E13: =VLOOKUP($A13,'Table 17 data'!$A$9:$S$186,'Table 16 data'!$D$174+'Table 17 data'!E$4,0) -> 39.2 | F13: =VLOOKUP($A13,'Table 17 data'!$A$9:$S$186,'Table 16 data'!$D$174+'Table 17 data'!F$4,0) -> 48.5 | G13: =VLOOKUP($A13,'Table 17 data'!$A$9:$S$186,'Table 16 data'!$D$174+'Table 17 data'!G$4,0) -> 49.6 | H13: =VLOOKUP($A13,'Table 17 data'!$A$9:$S$186,'Table 16 data'!$D$174+'Table 17 data'!H$4,0) -> 56.4 | I13: =VLOOKUP($A13,'Table 17 data'!$A$9:$S$186,'Table 16 data'!$D$174+'Table 17 data'!I$4,0) -> 48.8 | J13: =VLOOKUP($A13,'Table 17 data'!$A$9:$S$186,'Table 16 data'!$D$174+'Table 17 data'!J$4,0) -> 59
A14: Middlesbrough | B14: E06000002 | C14: =VLOOKUP($A14,'Table 17 data'!$A$9:$S$186,'Table 16 data'!$D$174+'Table 17 data'!C$4,0) -> 30.1 | D14: =VLOOKUP($A14,'Table 17 data'!$A$9:$S$186,'Table 16 data'!$D$174+'Table 17 data'!D$4,0) -> 31.9 | E14: =VLOOKUP($A14,'Table 17 data'!$A$9:$S$186,'Table 16 data'!$D$174+'Table 17 data'!E$4,0) -> 35.8 | F14: =VLOOKUP($A14,'Table 17 data'!$A$9:$S$186,'Table 16 data'!$D$174+'Table 17 data'!F$4,0) -> 36.9 | G14: =VLOOKUP($A14,'Table 17 data'!$A$9:$S$186,'Table 16 data'!$D$174+'Table 17 data'!G$4,0) -> 44.2 | H14: =VLOOKUP($A14,'Table 17 data'!$A$9:$S$186,'Table 16 data'!$D$174+'Table 17 data'!H$4,0) -> 40.9 | I14: =VLOOKUP($A14,'Table 17 data'!$A$9:$S$186,'Table 16 data'!$D$174+'Table 17 data'!I$4,0) -> 47.6 | J14: =VLOOKUP($A14,'Table 17 data'!$A$9:$S$186,'Table 16 data'!$D$174+'Table 17 data'!J$4,0) -> 50.3
A15: Newcastle upon Tyne | B15: E08000021 | C15: =VLOOKUP($A15,'Table 17 data'!$A$9:$S$186,'Table 16 data'!$D$174+'Table 17 data'!C$4,0) -> 33.5 | D15: =VLOOKUP($A15,'Table 17 data'!$A$9:$S$186,'Table 16 data'!$D$174+'Table 17 data'!D$4,0) -> 38 | E15: =VLOOKUP($A15,'Table 17 data'!$A$9:$S$186,'Table 16 data'!$D$174+'Table 17 data'!E$4,0) -> 39.2 | F15: =VLOOKUP($A15,'Table 17 data'!$A$9:$S$186,'Table 16 data'!$D$174+'Table 17 data'!F$4,0) -> 41.9 | G15: =VLOOKUP($A15,'Table 17 data'!$A$9:$S$186,'Table 16 data'!$D$174+'Table 17 data'!G$4,0) -> 49.5 | H15: =VLOOKUP($A15,'Table 17 data'!$A$9:$S$186,'Table 16 data'!$D$174+'Table 17 data'!H$4,0) -> 52.6 | I15: =VLOOKUP($A15,'Table 17 data'!$A$9:$S$186,'Table 16 data'!$D$174+'Table 17 data'!I$4,0) -> 55.9 | J15: =VLOOKUP($A15,'Table 17 data'!$A$9:$S$186,'Table 16 data'!$D$174+'Table 17 data'!J$4,0) -> 57.3
A16: North Tyneside | B16: E08000022 | C16: =VLOOKUP($A16,'Table 17 data'!$A$9:$S$186,'Table 16 data'!$D$174+'Table 17 data'!C$4,0) -> 47.9 | D16: =VLOOKUP($A16,'Table 17 data'!$A$9:$S$186,'Table 16 data'!$D$174+'Table 17 data'!D$4,0) -> 47.3 | E16: =VLOOKUP($A16,'Table 17 data'!$A$9:$S$186,'Table 16 data'!$D$174+'Table 17 data'!E$4,0) -> 50.4 | F16: =VLOOKUP($A16,'Table 17 data'!$A$9:$S$186,'Table 16 data'!$D$174+'Table 17 data'!F$4,0) -> 53.6 | G16: =VLOOKUP($A16,'Table 17 data'!$A$9:$S$186,'Table 16 data'!$D$174+'Table 17 data'!G$4,0) -> 53.1 | H16: =VLOOKUP($A16,'Table 17 data'!$A$9:$S$186,'Table 16 data'!$D$174+'Table 17 data'!H$4,0) -> 58.5 | I16: =VLOOKUP($A16,'Table 17 data'!$A$9:$S$186,'Table 16 data'!$D$174+'Table 17 data'!I$4,0) -> 61.9 | J16: =VLOOKUP($A16,'Table 17 data'!$A$9:$S$186,'Table 16 data'!$D$174+'Table 17 data'!J$4,0) -> 64.8
A17: Northumberland | B17: E06000048 | C17: =VLOOKUP($A17,'Table 17 data'!$A$9:$S$186,'Table 16 data'!$D$174+'Table 17 data'!C$4,0) -> 48.9 | D17: =VLOOKUP($A17,'Table 17 data'!$A$9:$S$186,'Table 16 data'!$D$174+'Table 17 data'!D$4,0) -> 46.3 | E17: =VLOOKUP($A17,'Table 17 data'!$A$9:$S$186,'Table 16 data'!$D$174+'Table 17 data'!E$4,0) -> 50.9 | F17: =VLOOKUP($A17,'Table 17 data'!$A$9:$S$186,'Table 16 data'!$D$174+'Table 17 data'!F$4,0) -> 51.9 | G17: =VLOOKUP($A17,'Table 17 data'!$A$9:$S$186,'Table 16 data'!$D$174+'Table 17 data'!G$4,0) -> 54 | H17: =VLOOKUP($A17,'Table 17 data'!$A$9:$S$186,'Table 16 data'!$D$174+'Table 17 data'!H$4,0) -> 57.7 | I17: =VLOOKUP($A17,'Table 17 data'!$A$9:$S$186,'Table 16 data'!$D$174+'Table 17 data'!I$4,0) -> 58.2 | J17: =VLOOKUP($A17,'Table 17 data'!$A$9:$S$186,'Table 16 data'!$D$174+'Table 17 data'!J$4,0) -> 55.2
A18: Redcar and Cleveland | B18: E06000003 | C18: =VLOOKUP($A18,'Table 17 data'!$A$9:$S$186,'Table 16 data'!$D$174+'Table 17 data'!C$4,0) -> 40.1 | D18: =VLOOKUP($A18,'Table 17 data'!$A$9:$S$186,'Table 16 data'!$D$174+'Table 17 data'!D$4,0) -> 38.5 | E18: =VLOOKUP($A18,'Table 17 data'!$A$9:$S$186,'Table 16 data'!$D$174+'Table 17 data'!E$4,0) -> 45 | F18: =VLOOKUP($A18,'Table 17 data'!$A$9:$S$186,'Table 16 data'!$D$174+'Table 17 data'!F$4,0) -> 48.5 | G18: =VLOOKUP($A18,'Table 17 data'!$A$9:$S$186,'Table 16 data'!$D$174+'Table 17 data'!G$4,0) -> 53.2 | H18: =VLOOKUP($A18,'Table 17 data'!$A$9:$S$186,'Table 16 data'!$D$174+'Table 17 data'!H$4,0) -> 55 | I18: =VLOOKUP($A18,'Table 17 data'!$A$9:$S$186,'Table 16 data'!$D$174+'Table 17 data'!I$4,0) -> 55 | J18: =VLOOKUP($A18,'Table 17 data'!$A$9:$S$186,'Table 16 data'!$D$174+'Table 17 data'!J$4,0) -> 55.1
A19: South Tyneside | B19: E08000023 | C19: =VLOOKUP($A19,'Table 17 data'!$A$9:$S$186,'Table 16 data'!$D$174+'Table 17 data'!C$4,0) -> 39.5 | D19: =VLOOKUP($A19,'Table 17 data'!$A$9:$S$186,'Table 16 data'!$D$174+'Table 17 data'!D$4,0) -> 41.9 | E19: =VLOOKUP($A19,'Table 17 data'!$A$9:$S$186,'Table 16 data'!$D$174+'Table 17 data'!E$4,0) -> 42.7 | F19: =VLOOKUP($A19,'Table 17 data'!$A$9:$S$186,'Table 16 data'!$D$174+'Table 17 data'!F$4,0) -> 47.9 | G19: =VLOOKUP($A19,'Table 17 data'!$A$9:$S$186,'Table 16 data'!$D$174+'Table 17 data'!G$4,0) -> 53.9 | H19: =VLOOKUP($A19,'Table 17 data'!$A$9:$S$186,'Table 16 data'!$D$174+'Table 17 data'!H$4,0) -> 57.7 | I19: =VLOOKUP($A19,'Table 17 data'!$A$9:$S$186,'Table 16 data'!$D$174+'Table 17 data'!I$4,0) -> 58.2 | J19: =VLOOKUP($A19,'Table 17 data'!$A$9:$S$186,'Table 16 data'!$D$174+'Table 17 data'!J$4,0) -> 59.2
A20: Stockton-on-Tees | B20: E06000004 | C20: =VLOOKUP($A20,'Table 17 data'!$A$9:$S$186,'Table 16 data'!$D$174+'Table 17 data'!C$4,0) -> 41.2 | D20: =VLOOKUP($A20,'Table 17 data'!$A$9:$S$186,'Table 16 data'!$D$174+'Table 17 data'!D$4,0) -> 44.7 | E20: =VLOOKUP($A20,'Table 17 data'!$A$9:$S$186,'Table 16 data'!$D$174+'Table 17 data'!E$4,0) -> 48.4 | F20: =VLOOKUP($A20,'Table 17 data'!$A$9:$S$186,'Table 16 data'!$D$174+'Table 17 data'!F$4,0) -> 49.3 | G20: =VLOOKUP($A20,'Table 17 data'!$A$9:$S$186,'Table 16 data'!$D$174+'Table 17 data'!G$4,0) -> 52.9 | H20: =VLOOKUP($A20,'Table 17 data'!$A$9:$S$186,'Table 16 data'!$D$174+'Table 17 data'!H$4,0) -> 57.3 | I20: =VLOOKUP($A20,'Table 17 data'!$A$9:$S$186,'Table 16 data'!$D$174+'Table 17 data'!I$4,0) -> 54.3 | J20: =VLOOKUP($A20,'Table 17 data'!$A$9:$S$186,'Table 16 data'!$D$174+'Table 17 data'!J$4,0) -> 57.4
... A182: Wiltshire | B182: E06000054 | C182: =VLOOKUP($A182,'Table 17 data'!$A$9:$S$186,'Table 16 data'!$D$174+'Table 17 data'!C$4,0) -> 48.5 | D182: =VLOOKUP($A182,'Table 17 data'!$A$9:$S$186,'Table 16 data'!$D$174+'Table 17 data'!D$4,0) -> 49.6 | E182: =VLOOKUP($A182,'Table 17 data'!$A$9:$S$186,'Table 16 data'!$D$174+'Table 17 data'!E$4,0) -> 53.2 | F182: =VLOOKUP($A182,'Table 17 data'!$A$9:$S$186,'Table 16 data'!$D$174+'Table 17 data'!F$4,0) -> 55.4 | G182: =VLOOKUP($A182,'Table 17 data'!$A$9:$S$186,'Table 16 data'!$D$174+'Table 17 data'!G$4,0) -> 55.8 | H182: =VLOOKUP($A182,'Table 17 data'!$A$9:$S$186,'Table 16 data'!$D$174+'Table 17 data'!H$4,0) -> 60.5 | I182: =VLOOKUP($A182,'Table 17 data'!$A$9:$S$186,'Table 16 data'!$D$174+'Table 17 data'!I$4,0) -> 59.3 | J182: =VLOOKUP($A182,'Table 17 data'!$A$9:$S$186,'Table 16 data'!$D$174+'Table 17 data'!J$4,0) -> 61
A184: Total (state-funded sector)1 | C184: =VLOOKUP($A184,'Table 17 data'!$A$9:$S$186,'Table 16 data'!$D$174+'Table 17 data'!C$4,0) -> 44.1 | D184: =VLOOKUP($A184,'Table 17 data'!$A$9:$S$186,'Table 16 data'!$D$174+'Table 17 data'!D$4,0) -> 45.9 | E184: =VLOOKUP($A184,'Table 17 data'!$A$9:$S$186,'Table 16 data'!$D$174+'Table 17 data'!E$4,0) -> 48.4 | F184: =VLOOKUP($A184,'Table 17 data'!$A$9:$S$186,'Table 16 data'!$D$174+'Table 17 data'!F$4,0) -> 50.9 | G184: =VLOOKUP($A184,'Table 17 data'!$A$9:$S$186,'Table 16 data'!$D$174+'Table 17 data'!G$4,0) -> 55.3 | H184: =VLOOKUP($A184,'Table 17 data'!$A$9:$S$186,'Table 16 data'!$D$174+'Table 17 data'!H$4,0) -> 58.4 | I184: =VLOOKUP($A184,'Table 17 data'!$A$9:$S$186,'Table 16 data'!$D$174+'Table 17 data'!I$4,0) -> 59.1 | J184: =VLOOKUP($A184,'Table 17 data'!$A$9:$S$186,'Table 16 data'!$D$174+'Table 17 data'!J$4,0) -> 60.8
A186: England1,5 | B186: E92000001 | C186: =VLOOKUP($A186,'Table 17 data'!$A$9:$S$186,'Table 16 data'!$D$174+'Table 17 data'!C$4,0) -> 45.6 | D186: =VLOOKUP($A186,'Table 17 data'!$A$9:$S$186,'Table 16 data'!$D$174+'Table 17 data'!D$4,0) -> 46.3 | E186: =VLOOKUP($A186,'Table 17 data'!$A$9:$S$186,'Table 16 data'!$D$174+'Table 17 data'!E$4,0) -> 47.6 | F186: =VLOOKUP($A186,'Table 17 data'!$A$9:$S$186,'Table 16 data'!$D$174+'Table 17 data'!F$4,0) -> 49.8 | G186: =VLOOKUP($A186,'Table 17 data'!$A$9:$S$186,'Table 16 data'!$D$174+'Table 17 data'!G$4,0) -> 53.5 | H186: =VLOOKUP($A186,'Table 17 data'!$A$9:$S$186,'Table 16 data'!$D$174+'Table 17 data'!H$4,0) -> 59 | I186: =VLOOKUP($A186,'Table 17 data'!$A$9:$S$186,'Table 16 data'!$D$174+'Table 17 data'!I$4,0) -> 59.4 | J186: =VLOOKUP($A186,'Table 17 data'!$A$9:$S$186,'Table 16 data'!$D$174+'Table 17 data'!J$4,0) -> 59.2
J188: Source: Key stage 4 attainment data
A189: 1. Local authority, region and the Total (state-funded sector) figures cover achievements in state-funded schools only. They do not include pupils recently arrived from overseas and so will not match with state-funded figures in the main tables. The 'England' line above includes all pupils from state-funded schools, independent schools, independent special schools, non-maintained special schools, hospital schools and alternative provision including academy and free school alternative provision and pupil referral units.
A190: 2. Figures for 2012/13 are revised, all other figures are final.
A191: 3. In 2009, Cheshire local authority split into Cheshire East and Cheshire West and Chester. Similarly, Bedfordshire local authority split into Bedford and Central Bedfordshire.
A192: 4. Figures for Bracknell Forest local authority, South East region and Total (state-funded sector) have been updated as of March 2014 to include previously missing GCSE mathematics results.
A193: 5. Figures from 2009/10 include iGCSEs.
A195: . Not applicable.

Sheet Table 17 data
A1: Table 17: GCSE and equivalent results of pupils at the end of key stage 4 for each local authority1 and region
A2: Year: 2005/06 to 2012/132 (Revised)
A3: Coverage: England
C4: 0 | D4: =C4+1 -> 1 | E4: =D4+1 -> 2 | F4: =E4+1 -> 3 | G4: =F4+1 -> 4 | H4: =G4+1 -> 5 | I4: =H4+1 -> 6 | J4: =I4+1 -> 7 | K4: =J4+1 -> 8 | ... S4: =R4+1 -> 16
A5: Region/ Local Authority | B5: Region/ Local Authority number | C5: Percentage of pupils at the end of key stage 4 achieving at GCSE and equivalents:
C6: 5+ A*-C grades | L6: 5+ A*-C grades including English & Mathematics GCSEs
C7: 2005/06 | D7: 2006/07 | E7: 2007/08 | F7: 2008/09 | G7: 2009/10 | H7: 2010/11 | I7: 2011/12 | J7: 2012/13 | L7: 2005/06 | M7: 2006/07 | N7: 2007/08 | O7: 2008/09 | P7: 2009/10 | Q7: 2010/11 | R7: 2011/12 | S7: 2012/13
A9: North East | B9: E12000001 | C9: 57.4 | D9: 60.6 | E9: 66.5 | F9: 72.9 | G9: 79.5 | H9: 84.7 | I9: 88 | J9: =IF(ISERROR(VLOOKUP($A9,T16Percentage,26,0)),".",VLOOKUP($A9,T16Percentage,26,0)) -> 87.9 | L9: 40.4 | M9: 41.9 | N9: 44.9 | O9: 48.1 | P9: 52.9 | Q9: 56.8 | R9: 58.5 | S9: =IF(ISERROR(VLOOKUP(A9,T16Percentage,27,0)),".",VLOOKUP(A9,T16Percentage,27,0)) -> 59.3
A10: County Durham | B10: E06000047 | C10: 56.6 | D10: 60.3 | E10: 66.2 | F10: 75.6 | G10: 84.2 | H10: 88.7 | I10: 90.7 | J10: =IF(ISERROR(VLOOKUP($A10,T16Percentage,26,0)),".",VLOOKUP($A10,T16Percentage,26,0)) -> 91.4 | L10: 40.4 | M10: 42.3 | N10: 44.5 | O10: 48.7 | P10: 55.8 | Q10: 60 | R10: 62.5 | S10: =IF(ISERROR(VLOOKUP(A10,T16Percentage,27,0)),".",VLOOKUP(A10,T16Percentage,27,0)) -> 63.1
A11: Darlington | B11: E06000005 | C11: 57.9 | D11: 60 | E11: 69.2 | F11: 73.9 | G11: 80.5 | H11: 92.4 | I11: 92.7 | J11: =IF(ISERROR(VLOOKUP($A11,T16Percentage,26,0)),".",VLOOKUP($A11,T16Percentage,26,0)) -> 90.2 | L11: 44.7 | M11: 46 | N11: 47.7 | O11: 51.6 | P11: 54.7 | Q11: 65.7 | R11: 62.2 | S11: =IF(ISERROR(VLOOKUP(A11,T16Percentage,27,0)),".",VLOOKUP(A11,T16Percentage,27,0)) -> 64.8
A12: Gateshead | B12: E08000020 | C12: 69.7 | D12: 71.7 | E12: 75.2 | F12: 81.2 | G12: 84.5 | H12: 88.1 | I12: 89.1 | J12: =IF(ISERROR(VLOOKUP($A12,T16Percentage,26,0)),".",VLOOKUP($A12,T16Percentage,26,0)) -> 90.3 | L12: 45 | M12: 45.5 | N12: 47 | O12: 52.3 | P12: 54.2 | Q12: 60.3 | R12: 60.6 | S12: =IF(ISERROR(VLOOKUP(A12,T16Percentage,27,0)),".",VLOOKUP(A12,T16Percentage,27,0)) -> 61.7
A13: Hartlepool | B13: E06000001 | C13: 57.5 | D13: 61.6 | E13: 66.7 | F13: 72.9 | G13: 74.6 | H13: 77.8 | I13: 79.1 | J13: =IF(ISERROR(VLOOKUP($A13,T16Percentage,26,0)),".",VLOOKUP($A13,T16Percentage,26,0)) -> 80.5 | L13: 37.5 | M13: 38.6 | N13: 39.2 | O13: 48.5 | P13: 49.6 | Q13: 56.4 | R13: 48.8 | S13: =IF(ISERROR(VLOOKUP(A13,T16Percentage,27,0)),".",VLOOKUP(A13,T16Percentage,27,0)) -> 59
A14: Middlesbrough | B14: E06000002 | C14: 48.9 | D14: 53.9 | E14: 61.7 | F14: 65.2 | G14: 74.5 | H14: 75.5 | I14: 82.5 | J14: =IF(ISERROR(VLOOKUP($A14,T16Percentage,26,0)),".",VLOOKUP($A14,T16Percentage,26,0)) -> 83.6 | L14: 30.1 | M14: 31.9 | N14: 35.8 | O14: 36.9 | P14: 44.2 | Q14: 40.9 | R14: 47.6 | S14: =IF(ISERROR(VLOOKUP(A14,T16Percentage,27,0)),".",VLOOKUP(A14,T16Percentage,27,0)) -> 50.3
A15: Newcastle upon Tyne | B15: E08000021 | C15: 55.8 | D15: 61.3 | E15: 67.1 | F15: 72.5 | G15: 79.6 | H15: 84.6 | I15: 89.9 | J15: =IF(ISERROR(VLOOKUP($A15,T16Percentage,26,0)),".",VLOOKUP($A15,T16Percentage,26,0)) -> 90.3 | L15: 33.5 | M15: 38 | N15: 39.2 | O15: 41.9 | P15: 49.5 | Q15: 52.6 | R15: 55.9 | S15: =IF(ISERROR(VLOOKUP(A15,T16Percentage,27,0)),".",VLOOKUP(A15,T16Percentage,27,0)) -> 57.3
A16: North Tyneside | B16: E08000022 | C16: 62.2 | D16: 62.7 | E16: 67 | F16: 73.3 | G16: 79 | H16: 84.2 | I16: 89.4 | J16: =IF(ISERROR(VLOOKUP($A16,T16Percentage,26,0)),".",VLOOKUP($A16,T16Percentage,26,0)) -> 90.1 | L16: 47.9 | M16: 47.3 | N16: 50.4 | O16: 53.6 | P16: 53.1 | Q16: 58.5 | R16: 61.9 | S16: =IF(ISERROR(VLOOKUP(A16,T16Percentage,27,0)),".",VLOOKUP(A16,T16Percentage,27,0)) -> 64.8
A17: Northumberland | B17: E06000048 | C17: 62 | D17: 61.6 | E17: 70.4 | F17: 73.3 | G17: 77.4 | H17: 83.7 | I17: 86 | J17: =IF(ISERROR(VLOOKUP($A17,T16Percentage,26,0)),".",VLOOKUP($A17,T16Percentage,26,0)) -> 84.1 | L17: 48.9 | M17: 46.3 | N17: 50.9 | O17: 51.9 | P17: 54 | Q17: 57.7 | R17: 58.2 | S17: =IF(ISERROR(VLOOKUP(A17,T16Percentage,27,0)),".",VLOOKUP(A17,T16Percentage,27,0)) -> 55.2
A18: Redcar and Cleveland | B18: E06000003 | C18: 50.3 | D18: 52.9 | E18: 60 | F18: 68.8 | G18: 76.1 | H18: 80.7 | I18: 83.9 | J18: =IF(ISERROR(VLOOKUP($A18,T16Percentage,26,0)),".",VLOOKUP($A18,T16Percentage,26,0)) -> 83.3 | L18: 40.1 | M18: 38.5 | N18: 45 | O18: 48.5 | P18: 53.2 | Q18: 55 | R18: 55 | S18: =IF(ISERROR(VLOOKUP(A18,T16Percentage,27,0)),".",VLOOKUP(A18,T16Percentage,27,0)) -> 55.1
A19: South Tyneside | B19: E08000023 | C19: 55.5 | D19: 59.3 | E19: 64.9 | F19: 77.7 | G19: 86.1 | H19: 89.3 | I19: 91.1 | J19: =IF(ISERROR(VLOOKUP($A19,T16Percentage,26,0)),".",VLOOKUP($A19,T16Percentage,26,0)) -> 93 | L19: 39.5 | M19: 41.9 | N19: 42.7 | O19: 47.9 | P19: 53.9 | Q19: 57.7 | R19: 58.2 | S19: =IF(ISERROR(VLOOKUP(A19,T16Percentage,27,0)),".",VLOOKUP(A19,T16Percentage,27,0)) -> 59.2
A20: Stockton-on-Tees | B20: E06000004 | C20: 55.3 | D20: 60.1 | E20: 64.4 | F20: 68 | G20: 75.3 | H20: 80.2 | I20: 83.8 | J20: =IF(ISERROR(VLOOKUP($A20,T16Percentage,26,0)),".",VLOOKUP($A20,T16Percentage,26,0)) -> 81.3 | L20: 41.2 | M20: 44.7 | N20: 48.4 | O20: 49.3 | P20: 52.9 | Q20: 57.3 | R20: 54.3 | S20: =IF(ISERROR(VLOOKUP(A20,T16Percentage,27,0)),".",VLOOKUP(A20,T16Percentage,27,0)) -> 57.4
... A27: Bury | B27: E08000002 | C27: 59 | D27: 63.2 | E27: 67.4 | F27: 75 | G27: 80.4 | H27: 80.8 | I27: 83.7 | J27: =IF(ISERROR(VLOOKUP($A27,T16Percentage,26,0)),".",VLOOKUP($A27,T16Percentage,26,0)) -> 83.3 | L27: 47.9 | M27: 52.9 | N27: 55.5 | O27: 58.8 | P27: 62.1 | Q27: 62.8 | R27: 63 | S27: =IF(ISERROR(VLOOKUP(A27,T16Percentage,27,0)),".",VLOOKUP(A27,T16Percentage,27,0)) -> 62.3
A28: Cheshire3 | B28: . | C28: 61.9 | D28: 63.4 | E28: 66.4 | F28: . | G28: . | H28: . | I28: . | J28: =IF(ISERROR(VLOOKUP($A28,T16Percentage,26,0)),".",VLOOKUP($A28,T16Percentage,26,0)) -> . | L28: 50.5 | M28: 51.5 | N28: 52.9 | O28: . | P28: . | Q28: . | R28: . | S28: =IF(ISERROR(VLOOKUP(A28,T16Percentage,27,0)),".",VLOOKUP(A28,T16Percentage,27,0)) -> .
A29: Cheshire East | B29: E06000049 | C29: . | D29: . | E29: . | F29: 73 | G29: 80.1 | H29: 83.1 | I29: 84 | J29: =IF(ISERROR(VLOOKUP($A29,T16Percentage,26,0)),".",VLOOKUP($A29,T16Percentage,26,0)) -> 84.2 | L29: . | M29: . | N29: . | O29: 57.3 | P29: 62.5 | Q29: 64.4 | R29: 62 | S29: =IF(ISERROR(VLOOKUP(A29,T16Percentage,27,0)),".",VLOOKUP(A29,T16Percentage,27,0)) -> 62.4
A30: Cheshire West and Chester | B30: E06000050 | C30: . | D30: . | E30: . | F30: 68.2 | G30: 74.9 | H30: 79 | I30: 81 | J30: =IF(ISERROR(VLOOKUP($A30,T16Percentage,26,0)),".",VLOOKUP($A30,T16Percentage,26,0)) -> 82.6 | L30: . | M30: . | N30: . | O30: 50.6 | P30: 56.4 | Q30: 59.5 | R30: 59.8 | S30: =IF(ISERROR(VLOOKUP(A30,T16Percentage,27,0)),".",VLOOKUP(A30,T16Percentage,27,0)) -> 63
A31: Cumbria | B31: E10000006 | C31: 57.9 | D31: 59.1 | E31: 63.2 | F31: 66.7 | G31: 73.8 | H31: 79.5 | I31: 81.6 | J31: =IF(ISERROR(VLOOKUP($A31,T16Percentage,26,0)),".",VLOOKUP($A31,T16Percentage,26,0)) -> 80.7 | L31: 45.3 | M31: 45.7 | N31: 48.4 | O31: 49.6 | P31: 55.8 | Q31: 57 | R31: 56.1 | S31: =IF(ISERROR(VLOOKUP(A31,T16Percentage,27,0)),".",VLOOKUP(A31,T16Percentage,27,0)) -> 56.5
A32: Halton | B32: E06000006 | C32: 52.6 | D32: 61.9 | E32: 71.2 | F32: 71.5 | G32: 81.9 | H32: 86.6 | I32: 87.2 | J32: =IF(ISERROR(VLOOKUP($A32,T16Percentage,26,0)),".",VLOOKUP($A32,T16Percentage,26,0)) -> 86.5 | L32: 33.3 | M32: 41.1 | N32: 49.3 | O32: 44.6 | P32: 50.1 | Q32: 56.3 | R32: 59 | S32: =IF(ISERROR(VLOOKUP(A32,T16Percentage,27,0)),".",VLOOKUP(A32,T16Percentage,27,0)) -> 62.5
A33: Knowsley | B33: E08000011 | C33: 48.8 | D33: 50.8 | E33: 57.5 | F33: 64 | G33: 68.1 | H33: 74.7 | I33: 73.6 | J33: =IF(ISERROR(VLOOKUP($A33,T16Percentage,26,0)),".",VLOOKUP($A33,T16Percentage,26,0)) -> 74.9 | L33: 26.1 | M33: 26.5 | N33: 29.9 | O33: 33.5 | P33: 38 | Q33: 40.8 | R33: 40.9 | S33: =IF(ISERROR(VLOOKUP(A33,T16Percentage,27,0)),".",VLOOKUP(A33,T16Percentage,27,0)) -> 43.7
A34: Lancashire | B34: E10000017 | C34: 58.3 | D34: 61.6 | E34: 65.3 | F34: 71.3 | G34: 77.2 | H34: 82.5 | I34: 84.6 | J34: =IF(ISERROR(VLOOKUP($A34,T16Percentage,26,0)),".",VLOOKUP($A34,T16Percentage,26,0)) -> 82.8 | L34: 45.9 | M34: 48.2 | N34: 50.8 | O34: 53.5 | P34: 56.7 | Q34: 60.1 | R34: 59.9 | S34: =IF(ISERROR(VLOOKUP(A34,T16Percentage,27,0)),".",VLOOKUP(A34,T16Percentage,27,0)) -> 61.2
A35: Liverpool | B35: E08000012 | C35: 54.1 | D35: 58.3 | E35: 66.2 | F35: 73.6 | G35: 81.8 | H35: 84.3 | I35: 84.7 | J35: =IF(ISERROR(VLOOKUP($A35,T16Percentage,26,0)),".",VLOOKUP($A35,T16Percentage,26,0)) -> 84.4 | L35: 35.5 | M35: 37.4 | N35: 41.2 | O35: 44.3 | P35: 53 | Q35: 55 | R35: 56.8 | S35: =IF(ISERROR(VLOOKUP(A35,T16Percentage,27,0)),".",VLOOKUP(A35,T16Percentage,27,0)) -> 56
A36: Manchester | B36: E08000003 | C36: 47.6 | D36: 52.2 | E36: 57 | F36: 62.6 | G36: 72.4 | H36: 79.7 | I36: 81.3 | J36: =IF(ISERROR(VLOOKUP($A36,T16Percentage,26,0)),".",VLOOKUP($A36,T16Percentage,26,0)) -> 81.3 | L36: 29 | M36: 32.3 | N36: 36.9 | O36: 38.6 | P36: 45.7 | Q36: 51.8 | R36: 53.2 | S36: =IF(ISERROR(VLOOKUP(A36,T16Percentage,27,0)),".",VLOOKUP(A36,T16Percentage,27,0)) -> 53.1
A37: Oldham | B37: E08000004 | C37: 55 | D37: 59.5 | E37: 64.2 | F37: 71.9 | G37: 79.3 | H37: 84.5 | I37: 85.8 | J37: =IF(ISERROR(VLOOKUP($A37,T16Percentage,26,0)),".",VLOOKUP($A37,T16Percentage,26,0)) -> 84 | L37: 35.4 | M37: 40.5 | N37: 43.1 | O37: 46.8 | P37: 51.9 | Q37: 56.1 | R37: 55.9 | S37: =IF(ISERROR(VLOOKUP(A37,T16Percentage,27,0)),".",VLOOKUP(A37,T16Percentage,27,0)) -> 57
A38: Rochdale | B38: E08000005 | C38: 50.3 | D38: 55.9 | E38: 59.3 | F38: 66.1 | G38: 69.3 | H38: 73.6 | I38: 79.2 | J38: =IF(ISERROR(VLOOKUP($A38,T16Percentage,26,0)),".",VLOOKUP($A38,T16Percentage,26,0)) -> 81.4 | L38: 37.1 | M38: 41.9 | N38: 43.4 | O38: 47.8 | P38: 51.4 | Q38: 53.5 | R38: 52 | S38: =IF(ISERROR(VLOOKUP(A38,T16Percentage,27,0)),".",VLOOKUP(A38,T16Percentage,27,0)) -> 56.2
A39: Salford | B39: E08000006 | C39: 51.4 | D39: 59.8 | E39: 66.9 | F39: 73.5 | G39: 83.3 | H39: 87.5 | I39: 89 | J39: =IF(ISERROR(VLOOKUP($A39,T16Percentage,26,0)),".",VLOOKUP($A39,T16Percentage,26,0)) -> 85.5 | L39: 32 | M39: 37.8 | N39: 40.3 | O39: 45.8 | P39: 49.8 | Q39: 52.9 | R39: 52 | S39: =IF(ISERROR(VLOOKUP(A39,T16Percentage,27,0)),".",VLOOKUP(A39,T16Percentage,27,0)) -> 54.8
A40: Sefton | B40: E08000014 | C40: 61.9 | D40: 64.1 | E40: 71.2 | F40: 77.4 | G40: 83 | H40: 87.7 | I40: 86.9 | J40: =IF(ISERROR(VLOOKUP($A40,T16Percentage,26,0)),".",VLOOKUP($A40,T16Percentage,26,0)) -> 87.1 | L40: 44 | M40: 45.9 | N40: 51.4 | O40: 53.2 | P40: 55.8 | Q40: 59.5 | R40: 58.5 | S40: =IF(ISERROR(VLOOKUP(A40,T16Percentage,27,0)),".",VLOOKUP(A40,T16Percentage,27,0)) -> 60.9
A41: St. Helens | B41: E08000013 | C41: 56.6 | D41: 62.3 | E41: 68 | F41: 71.4 | G41: 80.7 | H41: 82.9 | I41: 85.5 | J41: =IF(ISERROR(VLOOKUP($A41,T16Percentage,26,0)),".",VLOOKUP($A41,T16Percentage,26,0)) -> 86.9 | L41: 38 | M41: 41.4 | N41: 44.2 | O41: 47.4 | P41: 52.8 | Q41: 55.7 | R41: 55.1 | S41: =IF(ISERROR(VLOOKUP(A41,T16Percentage,27,0)),".",VLOOKUP(A41,T16Percentage,27,0)) -> 55.5
A42: Stockport | B42: E08000007 | C42: 58.7 | D42: 60.1 | E42: 65.7 | F42: 68.6 | G42: 78.5 | H42: 82.2 | I42: 83.1 | J42: =IF(ISERROR(VLOOKUP($A42,T16Percentage,26,0)),".",VLOOKUP($A42,T16Percentage,26,0)) -> 84.7 | L42: 50 | M42: 50.5 | N42: 52.5 | O42: 55.3 | P42: 61.9 | Q42: 64.6 | R42: 65 | S42: =IF(ISERROR(VLOOKUP(A42,T16Percentage,27,0)),".",VLOOKUP(A42,T16Percentage,27,0)) -> 65.8
... A93: East | B93: E12000006 | C93: 59.3 | D93: 61.2 | E93: 64.7 | F93: 69 | G93: 74.3 | H93: 78 | I93: 80.6 | J93: =IF(ISERROR(VLOOKUP($A93,T16Percentage,26,0)),".",VLOOKUP($A93,T16Percentage,26,0)) -> 79.6 | L93: 46.7 | M93: 48.4 | N93: 50.3 | O93: 51.9 | P93: 56 | Q93: 59.1 | R93: 58.2 | S93: =IF(ISERROR(VLOOKUP(A93,T16Percentage,27,0)),".",VLOOKUP(A93,T16Percentage,27,0)) -> 59.8
A94: Bedfordshire3 | B94: . | C94: 56.2 | D94: 58.1 | E94: 63.3 | F94: . | G94: . | H94: . | I94: . | J94: =IF(ISERROR(VLOOKUP($A94,T16Percentage,26,0)),".",VLOOKUP($A94,T16Percentage,26,0)) -> . | L94: 44.1 | M94: 47.1 | N94: 49.3 | O94: . | P94: . | Q94: . | R94: . | S94: =IF(ISERROR(VLOOKUP(A94,T16Percentage,27,0)),".",VLOOKUP(A94,T16Percentage,27,0)) -> .
A95: Bedford | B95: E06000055 | C95: . | D95: . | E95: . | F95: 67.8 | G95: 75.6 | H95: 78.3 | I95: 78.9 | J95: =IF(ISERROR(VLOOKUP($A95,T16Percentage,26,0)),".",VLOOKUP($A95,T16Percentage,26,0)) -> 80.2 | L95: . | M95: . | N95: . | O95: 48.1 | P95: 50.8 | Q95: 56.2 | R95: 53.4 | S95: =IF(ISERROR(VLOOKUP(A95,T16Percentage,27,0)),".",VLOOKUP(A95,T16Percentage,27,0)) -> 59.7
A96: Cambridgeshire | B96: E10000003 | C96: 60.2 | D96: 61.1 | E96: 65.5 | F96: 70.2 | G96: 75.5 | H96: 77.1 | I96: 79.9 | J96: =IF(ISERROR(VLOOKUP($A96,T16Percentage,26,0)),".",VLOOKUP($A96,T16Percentage,26,0)) -> 79 | L96: 50.1 | M96: 49.6 | N96: 53.6 | O96: 56.2 | P96: 58.9 | Q96: 59.3 | R96: 57.5 | S96: =IF(ISERROR(VLOOKUP(A96,T16Percentage,27,0)),".",VLOOKUP(A96,T16Percentage,27,0)) -> 61
A97: Central Bedfordshire | B97: E06000056 | C97: . | D97: . | E97: . | F97: 66.5 | G97: 71.5 | H97: 76.8 | I97: 79.8 | J97: =IF(ISERROR(VLOOKUP($A97,T16Percentage,26,0)),".",VLOOKUP($A97,T16Percentage,26,0)) -> 81.9 | L97: . | M97: . | N97: . | O97: 50 | P97: 54.2 | Q97: 59.4 | R97: 57.6 | S97: =IF(ISERROR(VLOOKUP(A97,T16Percentage,27,0)),".",VLOOKUP(A97,T16Percentage,27,0)) -> 57.7
A98: Essex | B98: E10000012 | C98: 59 | D98: 60.9 | E98: 63.3 | F98: 68.2 | G98: 73.3 | H98: 78.7 | I98: 82 | J98: =IF(ISERROR(VLOOKUP($A98,T16Percentage,26,0)),".",VLOOKUP($A98,T16Percentage,26,0)) -> 80.1 | L98: 45.2 | M98: 47.2 | N98: 49 | O98: 50.2 | P98: 54.6 | Q98: 58.2 | R98: 59 | S98: =IF(ISERROR(VLOOKUP(A98,T16Percentage,27,0)),".",VLOOKUP(A98,T16Percentage,27,0)) -> 60.5
A99: Hertfordshire | B99: E10000015 | C99: 64.7 | D99: 67 | E99: 71.1 | F99: 74.1 | G99: 79.9 | H99: 83.5 | I99: 84.9 | J99: =IF(ISERROR(VLOOKUP($A99,T16Percentage,26,0)),".",VLOOKUP($A99,T16Percentage,26,0)) -> 83.9 | L99: 53.7 | M99: 55.9 | N99: 58.1 | O99: 59.3 | P99: 64.1 | Q99: 66.9 | R99: 65.8 | S99: =IF(ISERROR(VLOOKUP(A99,T16Percentage,27,0)),".",VLOOKUP(A99,T16Percentage,27,0)) -> 66.3
A100: Luton | B100: E06000032 | C100: 51 | D100: 55.4 | E100: 62.2 | F100: 69.3 | G100: 76.7 | H100: 81.4 | I100: 85.1 | J100: =IF(ISERROR(VLOOKUP($A100,T16Percentage,26,0)),".",VLOOKUP($A100,T16Percentage,26,0)) -> 85.3 | L100: 36.5 | M100: 40.7 | N100: 45.3 | O100: 46.2 | P100: 52.2 | Q100: 56.7 | R100: 57.7 | S100: =IF(ISERROR(VLOOKUP(A100,T16Percentage,27,0)),".",VLOOKUP(A100,T16Percentage,27,0)) -> 58.7
A101: Norfolk | B101: E10000020 | C101: 55.4 | D101: 56.4 | E101: 60.2 | F101: 63.9 | G101: 67.1 | H101: 71.2 | I101: 73.9 | J101: =IF(ISERROR(VLOOKUP($A101,T16Percentage,26,0)),".",VLOOKUP($A101,T16Percentage,26,0)) -> 71.4 | L101: 44.5 | M101: 45.2 | N101: 47.9 | O101: 50 | P101: 52.3 | Q101: 55.4 | R101: 55.6 | S101: =IF(ISERROR(VLOOKUP(A101,T16Percentage,27,0)),".",VLOOKUP(A101,T16Percentage,27,0)) -> 54.4
A102: Peterborough | B102: E06000031 | C102: 58.3 | D102: 56.3 | E102: 58.8 | F102: 62.6 | G102: 72.7 | H102: 80.2 | I102: 83.2 | J102: =IF(ISERROR(VLOOKUP($A102,T16Percentage,26,0)),".",VLOOKUP($A102,T16Percentage,26,0)) -> 86.2 | L102: 39.4 | M102: 37.6 | N102: 37.2 | O102: 40.6 | P102: 45.5 | Q102: 49.4 | R102: 49.3 | S102: =IF(ISERROR(VLOOKUP(A102,T16Percentage,27,0)),".",VLOOKUP(A102,T16Percentage,27,0)) -> 56.2
A103: Southend-on-Sea | B103: E06000033 | C103: 63 | D103: 66.1 | E103: 68.5 | F103: 70.4 | G103: 78.4 | H103: 81.3 | I103: 82.2 | J103: =IF(ISERROR(VLOOKUP($A103,T16Percentage,26,0)),".",VLOOKUP($A103,T16Percentage,26,0)) -> 82.2 | L103: 49.9 | M103: 54.6 | N103: 55 | O103: 57.8 | P103: 61.8 | Q103: 65 | R103: 61.8 | S103: =IF(ISERROR(VLOOKUP(A103,T16Percentage,27,0)),".",VLOOKUP(A103,T16Percentage,27,0)) -> 61.9
A104: Suffolk | B104: E10000029 | C104: 59.4 | D104: 61.3 | E104: 63.3 | F104: 67.1 | G104: 71.1 | H104: 72.4 | I104: 74.8 | J104: =IF(ISERROR(VLOOKUP($A104,T16Percentage,26,0)),".",VLOOKUP($A104,T16Percentage,26,0)) -> 73.6 | L104: 45.9 | M104: 47.3 | N104: 46.6 | O104: 48.7 | P104: 51.8 | Q104: 54.7 | R104: 50.5 | S104: =IF(ISERROR(VLOOKUP(A104,T16Percentage,27,0)),".",VLOOKUP(A104,T16Percentage,27,0)) -> 54.6
A105: Thurrock | B105: E06000034 | C105: 56 | D105: 60.6 | E105: 67.5 | F105: 78.8 | G105: 84.2 | H105: 85 | I105: 88.6 | J105: =IF(ISERROR(VLOOKUP($A105,T16Percentage,26,0)),".",VLOOKUP($A105,T16Percentage,26,0)) -> 87.8 | L105: 38.5 | M105: 39.8 | N105: 42.6 | O105: 46.6 | P105: 56.8 | Q105: 60.1 | R105: 59.2 | S105: =IF(ISERROR(VLOOKUP(A105,T16Percentage,27,0)),".",VLOOKUP(A105,T16Percentage,27,0)) -> 59.5
A107: London | B107: E12000007 | C107: 58.3 | D107: 60.9 | E107: 65 | F107: 71.3 | G107: 77.8 | H107: 82 | I107: 84.1 | J107: =IF(ISERROR(VLOOKUP($A107,T16Percentage,26,0)),".",VLOOKUP($A107,T16Percentage,26,0)) -> 84.4 | L107: 45.8 | M107: 48 | N107: 50.7 | O107: 54 | P107: 58 | Q107: 61.9 | R107: 62.4 | S107: =IF(ISERROR(VLOOKUP(A107,T16Percentage,27,0)),".",VLOOKUP(A107,T16Percentage,27,0)) -> 65.1
A108: Inner London | B108: E13000001 | C108: 53.6 | D108: 56.6 | E108: 60.8 | F108: 68.3 | G108: 74.4 | H108: 78.9 | I108: 81.6 | J108: =IF(ISERROR(VLOOKUP($A108,T16Percentage,26,0)),".",VLOOKUP($A108,T16Percentage,26,0)) -> 82.8 | L108: 39.3 | M108: 42.4 | N108: 45.5 | O108: 49.6 | P108: 54.2 | Q108: 59.6 | R108: 60.8 | S108: =IF(ISERROR(VLOOKUP(A108,T16Percentage,27,0)),".",VLOOKUP(A108,T16Percentage,27,0)) -> 63.1
A109: Camden | B109: E09000007 | C109: 54.7 | D109: 55.9 | E109: 62.6 | F109: 63.6 | G109: 68.7 | H109: 73.7 | I109: 77.3 | J109: =IF(ISERROR(VLOOKUP($A109,T16Percentage,26,0)),".",VLOOKUP($A109,T16Percentage,26,0)) -> 77.5 | L109: 45.7 | M109: 45.6 | N109: 45.8 | O109: 51.1 | P109: 53.1 | Q109: 60.2 | R109: 59 | S109: =IF(ISERROR(VLOOKUP(A109,T16Percentage,27,0)),".",VLOOKUP(A109,T16Percentage,27,0)) -> 60.4
A110: City of London | B110: E09000001 | C110: . | D110: . | E110: . | F110: . | G110: . | H110: . | I110: . | J110: =IF(ISERROR(VLOOKUP($A110,T16Percentage,26,0)),".",VLOOKUP($A110,T16Percentage,26,0)) -> . | L110: . | M110: . | N110: . | O110: . | P110: . | Q110: . | R110: . | S110: =IF(ISERROR(VLOOKUP(A110,T16Percentage,27,0)),".",VLOOKUP(A110,T16Percentage,27,0)) -> .
A111: Hackney | B111: E09000012 | C111: 50.9 | D111: 53.7 | E111: 56.1 | F111: 66.9 | G111: 71.1 | H111: 74.9 | I111: 79.2 | J111: =IF(ISERROR(VLOOKUP($A111,T16Percentage,26,0)),".",VLOOKUP($A111,T16Percentage,26,0)) -> 79.6 | L111: 36.7 | M111: 41.9 | N111: 42.6 | O111: 52.2 | P111: 55.3 | Q111: 57 | R111: 60.2 | S111: =IF(ISERROR(VLOOKUP(A111,T16Percentage,27,0)),".",VLOOKUP(A111,T16Percentage,27,0)) -> 61.2
A112: Hammersmith and Fulham | B112: E09000013 | C112: 62.1 | D112: 66.9 | E112: 73.4 | F112: 82.2 | G112: 89.1 | H112: 91.5 | I112: 83.8 | J112: =IF(ISERROR(VLOOKUP($A112,T16Percentage,26,0)),".",VLOOKUP($A112,T16Percentage,26,0)) -> 83.5 | L112: 49 | M112: 58 | N112: 55.6 | O112: 64.1 | P112: 68.2 | Q112: 71.3 | R112: 65.6 | S112: =IF(ISERROR(VLOOKUP(A112,T16Percentage,27,0)),".",VLOOKUP(A112,T16Percentage,27,0)) -> 66.5
A113: Haringey | B113: E09000014 | C113: 51.7 | D113: 56.3 | E113: 60.1 | F113: 67.7 | G113: 73 | H113: 77.6 | I113: 78.8 | J113: =IF(ISERROR(VLOOKUP($A113,T16Percentage,26,0)),".",VLOOKUP($A113,T16Percentage,26,0)) -> 83.5 | L113: 34.3 | M113: 37.4 | N113: 42.1 | O113: 45.7 | P113: 48 | Q113: 57.3 | R113: 58.6 | S113: =IF(ISERROR(VLOOKUP(A113,T16Percentage,27,0)),".",VLOOKUP(A113,T16Percentage,27,0)) -> 63.5
A114: Islington | B114: E09000019 | C114: 47 | D114: 49.3 | E114: 56.4 | F114: 65.3 | G114: 72 | H114: 75.1 | I114: 78.9 | J114: =IF(ISERROR(VLOOKUP($A114,T16Percentage,26,0)),".",VLOOKUP($A114,T16Percentage,26,0)) -> 82.9 | L114: 32.8 | M114: 37.4 | N114: 38.9 | O114: 45 | P114: 50 | Q114: 49.4 | R114: 53.7 | S114: =IF(ISERROR(VLOOKUP(A114,T16Percentage,27,0)),".",VLOOKUP(A114,T16Percentage,27,0)) -> 63.5
A115: Kensington and Chelsea | B115: E09000020 | C115: 63 | D115: 68.4 | E115: 71.3 | F115: 84.9 | G115: 92.4 | H115: 91 | I115: 89.6 | J115: =IF(ISERROR(VLOOKUP($A115,T16Percentage,26,0)),".",VLOOKUP($A115,T16Percentage,26,0)) -> 92.1 | L115: 54.3 | M115: 56.6 | N115: 59.9 | O115: 66.1 | P115: 71.3 | Q115: 73.1 | R115: 79.6 | S115: =IF(ISERROR(VLOOKUP(A115,T16Percentage,27,0)),".",VLOOKUP(A115,T16Percentage,27,0)) -> 80.2
A116: Lambeth | B116: E09000022 | C116: 55.4 | D116: 56 | E116: 62.3 | F116: 72.5 | G116: 74.2 | H116: 80.1 | I116: 85 | J116: =IF(ISERROR(VLOOKUP($A116,T16Percentage,26,0)),".",VLOOKUP($A116,T16Percentage,26,0)) -> 86.4 | L116: 41.7 | M116: 41.4 | N116: 47.1 | O116: 53.5 | P116: 53 | Q116: 61.1 | R116: 62.8 | S116: =IF(ISERROR(VLOOKUP(A116,T16Percentage,27,0)),".",VLOOKUP(A116,T16Percentage,27,0)) -> 65.9
A117: Lewisham | B117: E09000023 | C117: 54.8 | D117: 55 | E117: 59.8 | F117: 62 | G117: 64 | H117: 69 | I117: 75.4 | J117: =IF(ISERROR(VLOOKUP($A117,T16Percentage,26,0)),".",VLOOKUP($A117,T16Percentage,26,0)) -> 79 | L117: 40.8 | M117: 40.4 | N117: 45.9 | O117: 47 | P117: 48 | Q117: 56.1 | R117: 56 | S117: =IF(ISERROR(VLOOKUP(A117,T16Percentage,27,0)),".",VLOOKUP(A117,T16Percentage,27,0)) -> 58
A118: Newham | B118: E09000025 | C118: 52.8 | D118: 55.7 | E118: 57.5 | F118: 63.7 | G118: 69.2 | H118: 75.7 | I118: 79.4 | J118: =IF(ISERROR(VLOOKUP($A118,T16Percentage,26,0)),".",VLOOKUP($A118,T16Percentage,26,0)) -> 79.1 | L118: 41.1 | M118: 44 | N118: 45.3 | O118: 47.1 | P118: 52.1 | Q118: 58.5 | R118: 61.9 | S118: =IF(ISERROR(VLOOKUP(A118,T16Percentage,27,0)),".",VLOOKUP(A118,T16Percentage,27,0)) -> 58.4
A119: Southwark | B119: E09000028 | C119: 48.8 | D119: 52.7 | E119: 56.3 | F119: 67.5 | G119: 78.9 | H119: 82.1 | I119: 84.8 | J119: =IF(ISERROR(VLOOKUP($A119,T16Percentage,26,0)),".",VLOOKUP($A119,T16Percentage,26,0)) -> 85.1 | L119: 34.4 | M119: 38.4 | N119: 42.7 | O119: 46 | P119: 56.1 | Q119: 58 | R119: 58.8 | S119: =IF(ISERROR(VLOOKUP(A119,T16Percentage,27,0)),".",VLOOKUP(A119,T16Percentage,27,0)) -> 65.2
A120: Tower Hamlets | B120: E09000030 | C120: 56.3 | D120: 59.5 | E120: 59.1 | F120: 66.3 | G120: 75 | H120: 80.9 | I120: 84.4 | J120: =IF(ISERROR(VLOOKUP($A120,T16Percentage,26,0)),".",VLOOKUP($A120,T16Percentage,26,0)) -> 85.8 | L120: 34 | M120: 36.5 | N120: 41.2 | O120: 45.9 | P120: 51.8 | Q120: 61.5 | R120: 61.9 | S120: =IF(ISERROR(VLOOKUP(A120,T16Percentage,27,0)),".",VLOOKUP(A120,T16Percentage,27,0)) -> 64.7
A121: Wandsworth | B121: E09000032 | C121: 58.3 | D121: 61.2 | E121: 66.2 | F121: 71.3 | G121: 79.7 | H121: 84.6 | I121: 85.4 | J121: =IF(ISERROR(VLOOKUP($A121,T16Percentage,26,0)),".",VLOOKUP($A121,T16Percentage,26,0)) -> 83 | L121: 41.8 | M121: 46.9 | N121: 50.1 | O121: 52.1 | P121: 58.1 | Q121: 61.7 | R121: 58.3 | S121: =IF(ISERROR(VLOOKUP(A121,T16Percentage,27,0)),".",VLOOKUP(A121,T16Percentage,27,0)) -> 61.3
A122: Westminster | B122: E09000033 | C122: 48.7 | D122: 55.1 | E122: 66.3 | F122: 78.5 | G122: 83.9 | H122: 85.9 | I122: 87.5 | J122: =IF(ISERROR(VLOOKUP($A122,T16Percentage,26,0)),".",VLOOKUP($A122,T16Percentage,26,0)) -> 86.8 | L122: 40.6 | M122: 46 | N122: 49.7 | O122: 52.8 | P122: 62.5 | Q122: 63.1 | R122: 70 | S122: =IF(ISERROR(VLOOKUP(A122,T16Percentage,27,0)),".",VLOOKUP(A122,T16Percentage,27,0)) -> 69.6
... A182: Wiltshire | B182: E06000054 | C182: 58.2 | D182: 59.6 | E182: 64.8 | F182: 68.6 | G182: 70.9 | H182: 75.1 | I182: 78.7 | J182: =IF(ISERROR(VLOOKUP($A182,T16Percentage,26,0)),".",VLOOKUP($A182,T16Percentage,26,0)) -> 79.8 | L182: 48.5 | M182: 49.6 | N182: 53.2 | O182: 55.4 | P182: 55.8 | Q182: 60.5 | R182: 59.3 | S182: =IF(ISERROR(VLOOKUP(A182,T16Percentage,27,0)),".",VLOOKUP(A182,T16Percentage,27,0)) -> 61
A184: Total (state-funded sector)1 | C184: 57.5 | D184: 60.1 | E184: 64.6 | F184: 70 | G184: 76.3 | H184: 80.7 | I184: 83.2 | J184: =IF(ISERROR(VLOOKUP($A184,T16Percentage,26,0)),".",VLOOKUP($A184,T16Percentage,26,0)) -> 83.1 | L184: 44.1 | M184: 45.9 | N184: 48.4 | O184: 50.9 | P184: 55.3 | Q184: 58.4 | R184: 59.1 | S184: =IF(ISERROR(VLOOKUP(A184,T16Percentage,27,0)),".",VLOOKUP(A184,T16Percentage,27,0)) -> 60.8
A186: England1,5 | B186: E92000001 | C186: 59 | D186: 61.4 | E186: 65.3 | F186: 70 | G186: 75.4 | H186: 79.6 | I186: 81.9 | J186: =IF(ISERROR(VLOOKUP($A186,T16Percentage,26,0)),".",VLOOKUP($A186,T16Percentage,26,0)) -> 81.8 | L186: 45.6 | M186: 46.3 | N186: 47.6 | O186: 49.8 | P186: 53.5 | Q186: 59 | R186: 59.4 | S186: =IF(ISERROR(VLOOKUP(A186,T16Percentage,27,0)),".",VLOOKUP(A186,T16Percentage,27,0)) -> 59.2
S188: Source: key stage 4 attainment data
A189: 1. Local authority, region and the Total (state-funded sector) figures cover achievements in state-funded schools only. They do not include pupils recently arrived from overseas and so will not match with state-funded figures in the main tables. The 'England' line above includes all pupils from state-funded schools, independent schools, independent special schools, non-maintained special schools, hospital schools and alternative provision including academy and free school alternative provision and pupil referral units.
A190: 2. Figures for 2012/13 are revised, all other figures are final.
A191: 3. In 2009, Cheshire local authority split into Cheshire East and Cheshire West and Chester. Similarly, Bedfordshire local authority split into Bedford and Central Bedfordshire.
A192: 4. Results for Bracknell Forest are affected by more than 100 missing GCSE mathematics results for pupils in one of its schools. The school and local authority results have been suppressed on the performance tables website and will be released once these missing results have been submitted to the Department. The Bracknell Forest figures in this SFR will also be corrected and re-published at this point.
A193: 5. Figures from 2009/10 include iGCSEs.
A195: . Not applicable.

Sheet Table 18
A1: Table 18: The English Baccalaureate by local authority1 and region
A2: Year: 2012/13 (Revised)
A3: Coverage: England
A5: Region/ Local Authority | B5: Region/ Local Authority number | C5: Number of end of key stage 4 pupils | E5: English Baccalaureate2 | H5: English Baccalaureate subject areas
E6: Percentage entered | F6: Percentage achieved | H6: Percentage of pupils entered for the components of the English Baccalaureate: | N6: Percentage of pupils achieving the components of the English Baccalaureate3:
H7: English | I7: Mathematics | J7: Sciences | K7: History or Geography | L7: Languages | N7: English | O7: Mathematics | P7: Sciences | Q7: History or Geography | R7: Languages
A9: North East | B9: E12000001 | C9: 28794 | E9: 32.9 | F9: 19.7 | H9: 96.2 | I9: 97.4 | J9: 57.1 | K9: 57.8 | L9: 41.8 | N9: 66.3 | O9: 69.3 | P9: 75 | Q9: 65 | R9: 63.3
A10: County Durham | B10: E06000047 | C10: 5469 | E10: 38.8 | F10: 21.1 | H10: 96.8 | I10: 98 | J10: 56.1 | K10: 59.5 | L10: 47.6 | N10: 70.7 | O10: 71 | P10: 77.6 | Q10: 65.5 | R10: 60.8
A11: Darlington | B11: E06000005 | C11: 1158 | E11: 29.4 | F11: 17.1 | H11: 97.1 | I11: 98 | J11: 53.1 | K11: 53.8 | L11: 43.5 | N11: 71.2 | O11: 72 | P11: 77.4 | Q11: 67.6 | R11: 62.9
A12: Gateshead | B12: E08000020 | C12: 2175 | E12: 35.1 | F12: 24 | H12: 97 | I12: 97.8 | J12: 55 | K12: 61 | L12: 40.6 | N12: 69 | O12: 70.2 | P12: 80.5 | Q12: 66.8 | R12: 73.8
A13: Hartlepool | B13: E06000001 | C13: 1167 | E13: 36.5 | F13: 18.3 | H13: 97 | I13: 97.4 | J13: 65.3 | K13: 60.2 | L13: 39.6 | N13: 64.5 | O13: 71.9 | P13: 63.4 | Q13: 71.9 | R13: 53.2
A14: Middlesbrough | B14: E06000002 | C14: 1510 | E14: 16.4 | F14: 10.5 | H14: 95 | I14: 96.5 | J14: 50.7 | K14: 38.5 | L14: 23.8 | N14: 58.4 | O14: 61.1 | P14: 67.2 | Q14: 68.5 | R14: 63.8
A15: Newcastle upon Tyne | B15: E08000021 | C15: 2578 | E15: 30.2 | F15: 21.6 | H15: 95.7 | I15: 96.4 | J15: 49 | K15: 48.1 | L15: 42.7 | N15: 62.8 | O15: 69.5 | P15: 77.8 | Q15: 70.9 | R15: 69.7
A16: North Tyneside | B16: E08000022 | C16: 2151 | E16: 29.6 | F16: 21.6 | H16: 95.6 | I16: 97.7 | J16: 56.1 | K16: 67.8 | L16: 39.4 | N16: 71.5 | O16: 74 | P16: 84.2 | Q16: 67.7 | R16: 70.2
A17: Northumberland | B17: E06000048 | C17: 3588 | E17: 33.9 | F17: 20.6 | H17: 95.9 | I17: 96.5 | J17: 67.3 | K17: 57.8 | L17: 44.6 | N17: 60.8 | O17: 67.6 | P17: 70.4 | Q17: 64.4 | R17: 61.1
A18: Redcar and Cleveland | B18: E06000003 | C18: 1846 | E18: 23.9 | F18: 14.9 | H18: 96 | I18: 97.1 | J18: 61.4 | K18: 54.5 | L18: 30.8 | N18: 62.8 | O18: 63.9 | P18: 69.1 | Q18: 62.3 | R18: 65.2
A19: South Tyneside | B19: E08000023 | C19: 1736 | E19: 32.1 | F19: 16.6 | H19: 97.5 | I19: 97.9 | J19: 54.8 | K19: 54.3 | L19: 39.9 | N19: 65.4 | O19: 70.7 | P19: 81.3 | Q19: 69.1 | R19: 53.3
A20: Stockton-on-Tees | B20: E06000004 | C20: 2182 | E20: 30.1 | F20: 19.6 | H20: 95.1 | I20: 96.2 | J20: 57.1 | K20: 66.2 | L20: 44.5 | N20: 63.4 | O20: 69.2 | P20: 73.2 | Q20: 60.8 | R20: 64
... A107: Camden | B107: E09000007 | C107: 1508 | E107: 40.1 | F107: 27.1 | H107: 96.5 | I107: 96.9 | J107: 69.4 | K107: 63.5 | L107: 60.5 | N107: 70 | O107: 71.1 | P107: 72.6 | Q107: 63.9 | R107: 72.6
A108: City of London | B108: E09000001 | C108: . | E108: . | F108: . | H108: . | I108: . | J108: . | K108: . | L108: . | N108: . | O108: . | P108: . | Q108: . | R108: .
A109: Hackney | B109: E09000012 | C109: 1649 | E109: 48 | F109: 33.4 | H109: 95.1 | I109: 97.3 | J109: 72.2 | K109: 65.1 | L109: 61.1 | N109: 67.5 | O109: 73.6 | P109: 69 | Q109: 74.5 | R109: 85.5
A110: Hammersmith and Fulham | B110: E09000013 | C110: 1155 | E110: 49.2 | F110: 34.8 | H110: 97.4 | I110: 97.7 | J110: 76.3 | K110: 69.4 | L110: 65.2 | N110: 71.4 | O110: 78.1 | P110: 79.6 | Q110: 75.7 | R110: 79.8
A111: Haringey | B111: E09000014 | C111: 2183 | E111: 32.5 | F111: 23 | H111: 95.6 | I111: 96.9 | J111: 65.3 | K111: 56.1 | L111: 51.3 | N111: 69.9 | O111: 73.1 | P111: 77.1 | Q111: 69.6 | R111: 84.3
A112: Islington | B112: E09000019 | C112: 1436 | E112: 38.5 | F112: 22.3 | H112: 97.6 | I112: 97.9 | J112: 71.8 | K112: 67.1 | L112: 54 | N112: 72.3 | O112: 73.4 | P112: 69.4 | Q112: 55.3 | R112: 75.3
A113: Kensington and Chelsea | B113: E09000020 | C113: 611 | E113: 44.4 | F113: 39.8 | H113: 96.6 | I113: 97.5 | J113: 65.6 | K113: 61.4 | L113: 66.1 | N113: 86.4 | O113: 83 | P113: 90.3 | Q113: 83.2 | R113: 91.3
A114: Lambeth | B114: E09000022 | C114: 1881 | E114: 38 | F114: 22.9 | H114: 97 | I114: 97.5 | J114: 65.6 | K114: 64.2 | L114: 53.8 | N114: 73.6 | O114: 75.9 | P114: 73.3 | Q114: 64.7 | R114: 76.3
A115: Lewisham | B115: E09000023 | C115: 2346 | E115: 30.7 | F115: 19.3 | H115: 95 | I115: 96.4 | J115: 68 | K115: 55.2 | L115: 42.8 | N115: 67 | O115: 68.3 | P115: 57.5 | Q115: 62.7 | R115: 79
A116: Newham | B116: E09000025 | C116: 3468 | E116: 35.8 | F116: 23.1 | H116: 97.7 | I116: 98.1 | J116: 60 | K116: 56.6 | L116: 61.8 | N116: 66.3 | O116: 71.9 | P116: 75.7 | Q116: 64.9 | R116: 67.8
A117: Southwark | B117: E09000028 | C117: 2346 | E117: 41.7 | F117: 25 | H117: 97.1 | I117: 97.4 | J117: 69.5 | K117: 62 | L117: 57.6 | N117: 74.4 | O117: 74.1 | P117: 73.4 | Q117: 68.6 | R117: 67.5
A118: Tower Hamlets | B118: E09000030 | C118: 2521 | E118: 37.2 | F118: 22.7 | H118: 97.4 | I118: 98.2 | J118: 68.6 | K118: 58.9 | L118: 51.4 | N118: 72.7 | O118: 73.8 | P118: 71.6 | Q118: 65.8 | R118: 74.5
A119: Wandsworth | B119: E09000032 | C119: 1846 | E119: 50.6 | F119: 29.3 | H119: 95.8 | I119: 96.3 | J119: 68 | K119: 69.1 | L119: 62.3 | N119: 69.8 | O119: 73 | P119: 72.3 | Q119: 66.7 | R119: 68
A120: Westminster | B120: E09000033 | C120: 1414 | E120: 50.8 | F120: 33.5 | H120: 98.5 | I120: 98.8 | J120: 75.3 | K120: 65.8 | L120: 64.4 | N120: 79.7 | O120: 78.7 | P120: 78.1 | Q120: 76.9 | R120: 76.6
... A180: Wiltshire | B180: E06000054 | C180: 5267 | E180: 31.7 | F180: 21.7 | H180: 94.2 | I180: 97.5 | J180: 65.7 | K180: 60.4 | L180: 49.4 | N180: 67.5 | O180: 73.4 | P180: 78.2 | Q180: 73.9 | R180: 69.3
A182: Total (state-funded sector)1 | C182: 569121 | E182: 35.6 | F182: 22.9 | H182: 96.7 | I182: 97.7 | J182: 66.5 | K182: 60.4 | L182: 47.6 | N182: 68.5 | O182: 71.5 | P182: 72.6 | Q182: 67.2 | R182: 69.4
A184: England1 | B184: E92000001 | C184: 632676 | E184: 34.8 | F184: 23 | H184: 93.1 | I184: 96.8 | J184: 65.6 | K184: 60.4 | L184: 48.7 | N184: 66.4 | O184: 71.5 | P184: 74.2 | Q184: 69.5 | R184: 72
R187: Source: 2012/13 key stage 4 attainment data (Revised)
A188: 1. Local authority, region and the Total (state-funded sector) figures cover achievements in state-funded schools only. They do not include pupils recently arrived from overseas and so will not match with state-funded figures in the main tables. The 'England' line above includes all pupils from state-funded schools, independent schools, independent special schools, non-maintained special schools, hospital schools and alternative provision including academy and free school alternative provision and pupil referral units.
A189: 2. The definition of the English Baccalaureate is outlined in the 'Definitions' section of the SFR.
A190: 3. The figures for pupils achieving the English and mathematics subject areas are calculated as a percentage of pupils at the end of key stage 4. The figures for sciences, history or geography and languages achievements are calculated as a percentage of those pupils who were entered in that subject area.
A191: 4. Figures for Bracknell Forest local authority, South East region and Total (state-funded sector) have been updated as of March 2014 to include previously missing GCSE mathematics results.
A193: . Not applicable.

Sheet Table 19
A1: Table 19: Percentage of pupils in state-funded mainstream1 schools making expected progress2 in English and mathematics between key stage 2 and key stage 4, by local authority and region3
A2: Year: 2008/09 to 2012/134 | K2: Please select criteria
A3: Coverage: England | K3: English
B4: =IF(K3="English",0,11) -> 0
A5: Region/ Local Authority | B5: Region/ Local Authority number | C5: =K3 -> English
C6: 2008/09 | E6: 2009/10 | G6: 2010/11 | I6: 2011/12 | K6: 2012/13
C7: Number of eligible pupils | D7: Percentage making expected progress | E7: Number of eligible pupils | F7: Percentage making expected progress | G7: Number of eligible pupils | H7: Percentage making expected progress | I7: Number of eligible pupils | J7: Percentage making expected progress | K7: Number of eligible pupils | L7: Percentage making expected progress
A9: North East | B9: E12000001 | C9: =VLOOKUP($A9,'Table 19 data'!$A$9:$W$184,$B$4+'Table 19 data'!C$4,0) -> 29509 | D9: =VLOOKUP($A9,'Table 19 data'!$A$9:$W$184,$B$4+'Table 19 data'!D$4,0) -> 62.2 | E9: =VLOOKUP($A9,'Table 19 data'!$A$9:$W$184,$B$4+'Table 19 data'!E$4,0) -> 28387 | F9: =VLOOKUP($A9,'Table 19 data'!$A$9:$W$184,$B$4+'Table 19 data'!F$4,0) -> 66.7 | G9: =VLOOKUP($A9,'Table 19 data'!$A$9:$W$184,$B$4+'Table 19 data'!G$4,0) -> 28057 | H9: =VLOOKUP($A9,'Table 19 data'!$A$9:$W$184,$B$4+'Table 19 data'!H$4,0) -> 69.9 | I9: =VLOOKUP($A9,'Table 19 data'!$A$9:$W$184,$B$4+'Table 19 data'!I$4,0) -> 27207 | J9: =VLOOKUP($A9,'Table 19 data'!$A$9:$W$184,$B$4+'Table 19 data'!J$4,0) -> 67.4 | ... L9: =VLOOKUP($A9,'Table 19 data'!$A$9:$W$184,$B$4+'Table 19 data'!L$4,0) -> 68.6
A10: County Durham | B10: E06000047 | C10: =VLOOKUP($A10,'Table 19 data'!$A$9:$W$184,$B$4+'Table 19 data'!C$4,0) -> 5507 | D10: =VLOOKUP($A10,'Table 19 data'!$A$9:$W$184,$B$4+'Table 19 data'!D$4,0) -> 65.2 | E10: =VLOOKUP($A10,'Table 19 data'!$A$9:$W$184,$B$4+'Table 19 data'!E$4,0) -> 5309 | F10: =VLOOKUP($A10,'Table 19 data'!$A$9:$W$184,$B$4+'Table 19 data'!F$4,0) -> 71.4 | G10: =VLOOKUP($A10,'Table 19 data'!$A$9:$W$184,$B$4+'Table 19 data'!G$4,0) -> 5295 | H10: =VLOOKUP($A10,'Table 19 data'!$A$9:$W$184,$B$4+'Table 19 data'!H$4,0) -> 75.1 | I10: =VLOOKUP($A10,'Table 19 data'!$A$9:$W$184,$B$4+'Table 19 data'!I$4,0) -> 5207 | J10: =VLOOKUP($A10,'Table 19 data'!$A$9:$W$184,$B$4+'Table 19 data'!J$4,0) -> 73.8 | ... L10: =VLOOKUP($A10,'Table 19 data'!$A$9:$W$184,$B$4+'Table 19 data'!L$4,0) -> 74.8
A11: Darlington | B11: E06000005 | C11: =VLOOKUP($A11,'Table 19 data'!$A$9:$W$184,$B$4+'Table 19 data'!C$4,0) -> 1136 | D11: =VLOOKUP($A11,'Table 19 data'!$A$9:$W$184,$B$4+'Table 19 data'!D$4,0) -> 60.6 | E11: =VLOOKUP($A11,'Table 19 data'!$A$9:$W$184,$B$4+'Table 19 data'!E$4,0) -> 1090 | F11: =VLOOKUP($A11,'Table 19 data'!$A$9:$W$184,$B$4+'Table 19 data'!F$4,0) -> 68 | G11: =VLOOKUP($A11,'Table 19 data'!$A$9:$W$184,$B$4+'Table 19 data'!G$4,0) -> 1072 | H11: =VLOOKUP($A11,'Table 19 data'!$A$9:$W$184,$B$4+'Table 19 data'!H$4,0) -> 76 | I11: =VLOOKUP($A11,'Table 19 data'!$A$9:$W$184,$B$4+'Table 19 data'!I$4,0) -> 1081 | J11: =VLOOKUP($A11,'Table 19 data'!$A$9:$W$184,$B$4+'Table 19 data'!J$4,0) -> 68.6 | ... L11: =VLOOKUP($A11,'Table 19 data'!$A$9:$W$184,$B$4+'Table 19 data'!L$4,0) -> 76.1
A12: Gateshead | B12: E08000020 | C12: =VLOOKUP($A12,'Table 19 data'!$A$9:$W$184,$B$4+'Table 19 data'!C$4,0) -> 2089 | D12: =VLOOKUP($A12,'Table 19 data'!$A$9:$W$184,$B$4+'Table 19 data'!D$4,0) -> 65.1 | E12: =VLOOKUP($A12,'Table 19 data'!$A$9:$W$184,$B$4+'Table 19 data'!E$4,0) -> 2032 | F12: =VLOOKUP($A12,'Table 19 data'!$A$9:$W$184,$B$4+'Table 19 data'!F$4,0) -> 67.7 | G12: =VLOOKUP($A12,'Table 19 data'!$A$9:$W$184,$B$4+'Table 19 data'!G$4,0) -> 2117 | H12: =VLOOKUP($A12,'Table 19 data'!$A$9:$W$184,$B$4+'Table 19 data'!H$4,0) -> 74 | I12: =VLOOKUP($A12,'Table 19 data'!$A$9:$W$184,$B$4+'Table 19 data'!I$4,0) -> 2049 | J12: =VLOOKUP($A12,'Table 19 data'!$A$9:$W$184,$B$4+'Table 19 data'!J$4,0) -> 69.3 | ... L12: =VLOOKUP($A12,'Table 19 data'!$A$9:$W$184,$B$4+'Table 19 data'!L$4,0) -> 68.5
A13: Hartlepool | B13: E06000001 | C13: =VLOOKUP($A13,'Table 19 data'!$A$9:$W$184,$B$4+'Table 19 data'!C$4,0) -> 1214 | D13: =VLOOKUP($A13,'Table 19 data'!$A$9:$W$184,$B$4+'Table 19 data'!D$4,0) -> 57.9 | E13: =VLOOKUP($A13,'Table 19 data'!$A$9:$W$184,$B$4+'Table 19 data'!E$4,0) -> 1213 | F13: =VLOOKUP($A13,'Table 19 data'!$A$9:$W$184,$B$4+'Table 19 data'!F$4,0) -> 56.1 | G13: =VLOOKUP($A13,'Table 19 data'!$A$9:$W$184,$B$4+'Table 19 data'!G$4,0) -> 1260 | H13: =VLOOKUP($A13,'Table 19 data'!$A$9:$W$184,$B$4+'Table 19 data'!H$4,0) -> 62.3 | I13: =VLOOKUP($A13,'Table 19 data'!$A$9:$W$184,$B$4+'Table 19 data'!I$4,0) -> 1127 | J13: =VLOOKUP($A13,'Table 19 data'!$A$9:$W$184,$B$4+'Table 19 data'!J$4,0) -> 50.8 | ... L13: =VLOOKUP($A13,'Table 19 data'!$A$9:$W$184,$B$4+'Table 19 data'!L$4,0) -> 63.6
A14: Middlesbrough | B14: E06000002 | C14: =VLOOKUP($A14,'Table 19 data'!$A$9:$W$184,$B$4+'Table 19 data'!C$4,0) -> 1671 | D14: =VLOOKUP($A14,'Table 19 data'!$A$9:$W$184,$B$4+'Table 19 data'!D$4,0) -> 51.3 | E14: =VLOOKUP($A14,'Table 19 data'!$A$9:$W$184,$B$4+'Table 19 data'!E$4,0) -> 1613 | F14: =VLOOKUP($A14,'Table 19 data'!$A$9:$W$184,$B$4+'Table 19 data'!F$4,0) -> 58.2 | G14: =VLOOKUP($A14,'Table 19 data'!$A$9:$W$184,$B$4+'Table 19 data'!G$4,0) -> 1531 | H14: =VLOOKUP($A14,'Table 19 data'!$A$9:$W$184,$B$4+'Table 19 data'!H$4,0) -> 56.8 | I14: =VLOOKUP($A14,'Table 19 data'!$A$9:$W$184,$B$4+'Table 19 data'!I$4,0) -> 1421 | J14: =VLOOKUP($A14,'Table 19 data'!$A$9:$W$184,$B$4+'Table 19 data'!J$4,0) -> 55.2 | ... L14: =VLOOKUP($A14,'Table 19 data'!$A$9:$W$184,$B$4+'Table 19 data'!L$4,0) -> 61.6
A15: Newcastle upon Tyne | B15: E08000021 | C15: =VLOOKUP($A15,'Table 19 data'!$A$9:$W$184,$B$4+'Table 19 data'!C$4,0) -> 2583 | D15: =VLOOKUP($A15,'Table 19 data'!$A$9:$W$184,$B$4+'Table 19 data'!D$4,0) -> 55.7 | E15: =VLOOKUP($A15,'Table 19 data'!$A$9:$W$184,$B$4+'Table 19 data'!E$4,0) -> 2391 | F15: =VLOOKUP($A15,'Table 19 data'!$A$9:$W$184,$B$4+'Table 19 data'!F$4,0) -> 64.9 | G15: =VLOOKUP($A15,'Table 19 data'!$A$9:$W$184,$B$4+'Table 19 data'!G$4,0) -> 2371 | H15: =VLOOKUP($A15,'Table 19 data'!$A$9:$W$184,$B$4+'Table 19 data'!H$4,0) -> 65.5 | I15: =VLOOKUP($A15,'Table 19 data'!$A$9:$W$184,$B$4+'Table 19 data'!I$4,0) -> 2240 | J15: =VLOOKUP($A15,'Table 19 data'!$A$9:$W$184,$B$4+'Table 19 data'!J$4,0) -> 70 | ... L15: =VLOOKUP($A15,'Table 19 data'!$A$9:$W$184,$B$4+'Table 19 data'!L$4,0) -> 67.3
A16: North Tyneside | B16: E08000022 | C16: =VLOOKUP($A16,'Table 19 data'!$A$9:$W$184,$B$4+'Table 19 data'!C$4,0) -> 2225 | D16: =VLOOKUP($A16,'Table 19 data'!$A$9:$W$184,$B$4+'Table 19 data'!D$4,0) -> 69.4 | E16: =VLOOKUP($A16,'Table 19 data'!$A$9:$W$184,$B$4+'Table 19 data'!E$4,0) -> 2072 | F16: =VLOOKUP($A16,'Table 19 data'!$A$9:$W$184,$B$4+'Table 19 data'!F$4,0) -> 69.5 | G16: =VLOOKUP($A16,'Table 19 data'!$A$9:$W$184,$B$4+'Table 19 data'!G$4,0) -> 2101 | H16: =VLOOKUP($A16,'Table 19 data'!$A$9:$W$184,$B$4+'Table 19 data'!H$4,0) -> 73.2 | I16: =VLOOKUP($A16,'Table 19 data'!$A$9:$W$184,$B$4+'Table 19 data'!I$4,0) -> 2074 | J16: =VLOOKUP($A16,'Table 19 data'!$A$9:$W$184,$B$4+'Table 19 data'!J$4,0) -> 66.1 | ... L16: =VLOOKUP($A16,'Table 19 data'!$A$9:$W$184,$B$4+'Table 19 data'!L$4,0) -> 73.8
A17: Northumberland | B17: E06000048 | C17: =VLOOKUP($A17,'Table 19 data'!$A$9:$W$184,$B$4+'Table 19 data'!C$4,0) -> 3673 | D17: =VLOOKUP($A17,'Table 19 data'!$A$9:$W$184,$B$4+'Table 19 data'!D$4,0) -> 66.8 | E17: =VLOOKUP($A17,'Table 19 data'!$A$9:$W$184,$B$4+'Table 19 data'!E$4,0) -> 3482 | F17: =VLOOKUP($A17,'Table 19 data'!$A$9:$W$184,$B$4+'Table 19 data'!F$4,0) -> 71.3 | G17: =VLOOKUP($A17,'Table 19 data'!$A$9:$W$184,$B$4+'Table 19 data'!G$4,0) -> 3508 | H17: =VLOOKUP($A17,'Table 19 data'!$A$9:$W$184,$B$4+'Table 19 data'!H$4,0) -> 69.9 | I17: =VLOOKUP($A17,'Table 19 data'!$A$9:$W$184,$B$4+'Table 19 data'!I$4,0) -> 3405 | J17: =VLOOKUP($A17,'Table 19 data'!$A$9:$W$184,$B$4+'Table 19 data'!J$4,0) -> 67.9 | ... L17: =VLOOKUP($A17,'Table 19 data'!$A$9:$W$184,$B$4+'Table 19 data'!L$4,0) -> 63.2
A18: Redcar and Cleveland | B18: E06000003 | C18: =VLOOKUP($A18,'Table 19 data'!$A$9:$W$184,$B$4+'Table 19 data'!C$4,0) -> 1863 | D18: =VLOOKUP($A18,'Table 19 data'!$A$9:$W$184,$B$4+'Table 19 data'!D$4,0) -> 62.1 | E18: =VLOOKUP($A18,'Table 19 data'!$A$9:$W$184,$B$4+'Table 19 data'!E$4,0) -> 1905 | F18: =VLOOKUP($A18,'Table 19 data'!$A$9:$W$184,$B$4+'Table 19 data'!F$4,0) -> 62.7 | G18: =VLOOKUP($A18,'Table 19 data'!$A$9:$W$184,$B$4+'Table 19 data'!G$4,0) -> 1813 | H18: =VLOOKUP($A18,'Table 19 data'!$A$9:$W$184,$B$4+'Table 19 data'!H$4,0) -> 63.5 | I18: =VLOOKUP($A18,'Table 19 data'!$A$9:$W$184,$B$4+'Table 19 data'!I$4,0) -> 1712 | J18: =VLOOKUP($A18,'Table 19 data'!$A$9:$W$184,$B$4+'Table 19 data'!J$4,0) -> 59.7 | ... L18: =VLOOKUP($A18,'Table 19 data'!$A$9:$W$184,$B$4+'Table 19 data'!L$4,0) -> 63.2
A19: South Tyneside | B19: E08000023 | C19: =VLOOKUP($A19,'Table 19 data'!$A$9:$W$184,$B$4+'Table 19 data'!C$4,0) -> 1825 | D19: =VLOOKUP($A19,'Table 19 data'!$A$9:$W$184,$B$4+'Table 19 data'!D$4,0) -> 62.5 | E19: =VLOOKUP($A19,'Table 19 data'!$A$9:$W$184,$B$4+'Table 19 data'!E$4,0) -> 1705 | F19: =VLOOKUP($A19,'Table 19 data'!$A$9:$W$184,$B$4+'Table 19 data'!F$4,0) -> 72 | G19: =VLOOKUP($A19,'Table 19 data'!$A$9:$W$184,$B$4+'Table 19 data'!G$4,0) -> 1687 | H19: =VLOOKUP($A19,'Table 19 data'!$A$9:$W$184,$B$4+'Table 19 data'!H$4,0) -> 71.4 | I19: =VLOOKUP($A19,'Table 19 data'!$A$9:$W$184,$B$4+'Table 19 data'!I$4,0) -> 1683 | J19: =VLOOKUP($A19,'Table 19 data'!$A$9:$W$184,$B$4+'Table 19 data'!J$4,0) -> 68.9 | ... L19: =VLOOKUP($A19,'Table 19 data'!$A$9:$W$184,$B$4+'Table 19 data'!L$4,0) -> 68.6
A20: Stockton-on-Tees | B20: E06000004 | C20: =VLOOKUP($A20,'Table 19 data'!$A$9:$W$184,$B$4+'Table 19 data'!C$4,0) -> 2338 | D20: =VLOOKUP($A20,'Table 19 data'!$A$9:$W$184,$B$4+'Table 19 data'!D$4,0) -> 61.5 | E20: =VLOOKUP($A20,'Table 19 data'!$A$9:$W$184,$B$4+'Table 19 data'!E$4,0) -> 2234 | F20: =VLOOKUP($A20,'Table 19 data'!$A$9:$W$184,$B$4+'Table 19 data'!F$4,0) -> 62.5 | G20: =VLOOKUP($A20,'Table 19 data'!$A$9:$W$184,$B$4+'Table 19 data'!G$4,0) -> 2151 | H20: =VLOOKUP($A20,'Table 19 data'!$A$9:$W$184,$B$4+'Table 19 data'!H$4,0) -> 70.1 | I20: =VLOOKUP($A20,'Table 19 data'!$A$9:$W$184,$B$4+'Table 19 data'!I$4,0) -> 2088 | J20: =VLOOKUP($A20,'Table 19 data'!$A$9:$W$184,$B$4+'Table 19 data'!J$4,0) -> 63.1 | ... L20: =VLOOKUP($A20,'Table 19 data'!$A$9:$W$184,$B$4+'Table 19 data'!L$4,0) -> 63.5
... A180: Wiltshire | B180: E06000054 | C180: =VLOOKUP($A180,'Table 19 data'!$A$9:$W$184,$B$4+'Table 19 data'!C$4,0) -> 4902 | D180: =VLOOKUP($A180,'Table 19 data'!$A$9:$W$184,$B$4+'Table 19 data'!D$4,0) -> 72 | E180: =VLOOKUP($A180,'Table 19 data'!$A$9:$W$184,$B$4+'Table 19 data'!E$4,0) -> 5059 | F180: =VLOOKUP($A180,'Table 19 data'!$A$9:$W$184,$B$4+'Table 19 data'!F$4,0) -> 72.6 | G180: =VLOOKUP($A180,'Table 19 data'!$A$9:$W$184,$B$4+'Table 19 data'!G$4,0) -> 4921 | H180: =VLOOKUP($A180,'Table 19 data'!$A$9:$W$184,$B$4+'Table 19 data'!H$4,0) -> 74.8 | I180: =VLOOKUP($A180,'Table 19 data'!$A$9:$W$184,$B$4+'Table 19 data'!I$4,0) -> 4783 | J180: =VLOOKUP($A180,'Table 19 data'!$A$9:$W$184,$B$4+'Table 19 data'!J$4,0) -> 67.5 | ... L180: =VLOOKUP($A180,'Table 19 data'!$A$9:$W$184,$B$4+'Table 19 data'!L$4,0) -> 70.8
A182: Total (state-funded mainstream sector)3 | C182: =VLOOKUP($A182,'Table 19 data'!$A$9:$W$184,$B$4+'Table 19 data'!C$4,0) -> 550059 | D182: =VLOOKUP($A182,'Table 19 data'!$A$9:$W$184,$B$4+'Table 19 data'!D$4,0) -> 66.4 | E182: =VLOOKUP($A182,'Table 19 data'!$A$9:$W$184,$B$4+'Table 19 data'!E$4,0) -> 550723 | F182: =VLOOKUP($A182,'Table 19 data'!$A$9:$W$184,$B$4+'Table 19 data'!F$4,0) -> 71 | G182: =VLOOKUP($A182,'Table 19 data'!$A$9:$W$184,$B$4+'Table 19 data'!G$4,0) -> 534529 | H182: =VLOOKUP($A182,'Table 19 data'!$A$9:$W$184,$B$4+'Table 19 data'!H$4,0) -> 73.1 | I182: =VLOOKUP($A182,'Table 19 data'!$A$9:$W$184,$B$4+'Table 19 data'!I$4,0) -> 531424 | J182: =VLOOKUP($A182,'Table 19 data'!$A$9:$W$184,$B$4+'Table 19 data'!J$4,0) -> 69.3 | ... L182: =VLOOKUP($A182,'Table 19 data'!$A$9:$W$184,$B$4+'Table 19 data'!L$4,0) -> 71.7
A184: England3 | B184: E92000001 | C184: =VLOOKUP($A184,'Table 19 data'!$A$9:$W$184,$B$4+'Table 19 data'!C$4,0) -> 556252 | D184: =VLOOKUP($A184,'Table 19 data'!$A$9:$W$184,$B$4+'Table 19 data'!D$4,0) -> 65.7 | E184: =VLOOKUP($A184,'Table 19 data'!$A$9:$W$184,$B$4+'Table 19 data'!E$4,0) -> 556264 | F184: =VLOOKUP($A184,'Table 19 data'!$A$9:$W$184,$B$4+'Table 19 data'!F$4,0) -> 70.4 | G184: =VLOOKUP($A184,'Table 19 data'!$A$9:$W$184,$B$4+'Table 19 data'!G$4,0) -> 535527 | H184: =VLOOKUP($A184,'Table 19 data'!$A$9:$W$184,$B$4+'Table 19 data'!H$4,0) -> 73 | I184: =VLOOKUP($A184,'Table 19 data'!$A$9:$W$184,$B$4+'Table 19 data'!I$4,0) -> 532453 | J184: =VLOOKUP($A184,'Table 19 data'!$A$9:$W$184,$B$4+'Table 19 data'!J$4,0) -> 69.2 | ... L184: =VLOOKUP($A184,'Table 19 data'!$A$9:$W$184,$B$4+'Table 19 data'!L$4,0) -> 71.6
L186: Source: Key stage 4 attainment data
A187: 1. State-funded mainstream schools include academies, free schools and city technology colleges but exclude state-funded special schools, independent schools, independent special schools, non-maintained special schools, hospital schools and alternative provision including academy and free school alternative provision and pupil referral units.
A188: 2. A full explanation of how expected progress is calculated is included in the technical notes in this SFR.
A189: 3. Local authority, region and the Total (state-funded mainstream sector) figures do not include pupils recently arrived from overseas.
A190: 4. Figures for 2012/13 are revised, all other years are final.
A191: 5. Figures for Bracknell Forest local authority, South East region and Total (state-funded sector) have been updated as of March 2014 to include previously missing GCSE mathematics results.
A193: . Not applicable.

Sheet Table 19 data
A1: Table 19: Percentage of pupils in state-funded mainstream1 schools making expected progress2 in English and mathematics between key stage 2 and key stage 4, by local authority and region3
A2: Year: 2008/09 to 2012/134
A3: Coverage: England
A4: 1 | B4: =A4+1 -> 2 | C4: =B4+1 -> 3 | D4: =C4+1 -> 4 | E4: =D4+1 -> 5 | F4: =E4+1 -> 6 | G4: =F4+1 -> 7 | H4: =G4+1 -> 8 | I4: =H4+1 -> 9 | ... W4: =V4+1 -> 23
A5: Region/ Local Authority | B5: Region/ Local Authority number | C5: English | N5: Mathematics
C6: 2008/09 | E6: 2009/10 | G6: 2010/11 | I6: 2011/12 | K6: 2012/13 | N6: 2008/09 | P6: 2009/10 | R6: 2010/11 | T6: 2011/12 | V6: 2012/13
C7: Number of eligible pupils | D7: % making expected progress | E7: Number of eligible pupils | F7: % making expected progress | G7: Number of eligible pupils | H7: % making expected progress | I7: Number of eligible pupils | J7: % making expected progress | K7: Number of eligible pupils | L7: % making expected progress | N7: Number of eligible pupils | O7: % making expected progress | P7: Number of eligible pupils | Q7: % making expected progress | R7: Number of eligible pupils | S7: % making expected progress | T7: Number of eligible pupils | U7: % making expected progress | V7: Number of eligible pupils | W7: % making expected progress
A9: North East | B9: E12000001 | C9: 29509 | D9: 62.2 | E9: 28387 | F9: 66.7 | G9: 28057 | H9: 69.9 | I9: 27207 | J9: 67.4 | K9: 27682 | L9: 68.6 | N9: 29534 | O9: 51.6 | P9: 28404 | Q9: 57.3 | R9: 28077 | S9: 59.7 | T9: 27264 | U9: 66.4 | V9: 27713 | W9: 67.7
A10: County Durham | B10: E06000047 | C10: 5507 | D10: 65.2 | E10: 5309 | F10: 71.4 | G10: 5295 | H10: 75.1 | I10: 5207 | J10: 73.8 | K10: 5258 | L10: 74.8 | N10: 5521 | O10: 52.1 | P10: 5303 | Q10: 56.1 | R10: 5283 | S10: 60.4 | T10: 5207 | U10: 67.2 | V10: 5265 | W10: 70.1
A11: Darlington | B11: E06000005 | C11: 1136 | D11: 60.6 | E11: 1090 | F11: 68 | G11: 1072 | H11: 76 | I11: 1081 | J11: 68.6 | K11: 1111 | L11: 76.1 | N11: 1136 | O11: 54.4 | P11: 1096 | Q11: 64 | R11: 1079 | S11: 67.1 | T11: 1072 | U11: 74.1 | V11: 1113 | W11: 71.9
A12: Gateshead | B12: E08000020 | C12: 2089 | D12: 65.1 | E12: 2032 | F12: 67.7 | G12: 2117 | H12: 74 | I12: 2049 | J12: 69.3 | K12: 2101 | L12: 68.5 | N12: 2087 | O12: 53.4 | P12: 2037 | Q12: 59 | R12: 2118 | S12: 62.5 | T12: 2061 | U12: 68.3 | V12: 2106 | W12: 67.7
A13: Hartlepool | B13: E06000001 | C13: 1214 | D13: 57.9 | E13: 1213 | F13: 56.1 | G13: 1260 | H13: 62.3 | I13: 1127 | J13: 50.8 | K13: 1137 | L13: 63.6 | N13: 1215 | O13: 50.2 | P13: 1214 | Q13: 54.8 | R13: 1262 | S13: 58 | T13: 1127 | U13: 63.7 | V13: 1139 | W13: 63.9
A14: Middlesbrough | B14: E06000002 | C14: 1671 | D14: 51.3 | E14: 1613 | F14: 58.2 | G14: 1531 | H14: 56.8 | I14: 1421 | J14: 55.2 | K14: 1444 | L14: 61.6 | N14: 1671 | O14: 39.9 | P14: 1617 | Q14: 50.2 | R14: 1532 | S14: 43.3 | T14: 1425 | U14: 53.1 | V14: 1446 | W14: 58
A15: Newcastle upon Tyne | B15: E08000021 | C15: 2583 | D15: 55.7 | E15: 2391 | F15: 64.9 | G15: 2371 | H15: 65.5 | I15: 2240 | J15: 70 | K15: 2408 | L15: 67.3 | N15: 2601 | O15: 46.3 | P15: 2405 | Q15: 57.2 | R15: 2391 | S15: 57.1 | T15: 2291 | U15: 64.9 | V15: 2420 | W15: 68.8
A16: North Tyneside | B16: E08000022 | C16: 2225 | D16: 69.4 | E16: 2072 | F16: 69.5 | G16: 2101 | H16: 73.2 | I16: 2074 | J16: 66.1 | K16: 2071 | L16: 73.8 | N16: 2225 | O16: 56.4 | P16: 2065 | Q16: 60 | R16: 2081 | S16: 62.3 | T16: 2059 | U16: 73.2 | V16: 2066 | W16: 74.4
A17: Northumberland | B17: E06000048 | C17: 3673 | D17: 66.8 | E17: 3482 | F17: 71.3 | G17: 3508 | H17: 69.9 | I17: 3405 | J17: 67.9 | K17: 3481 | L17: 63.2 | N17: 3684 | O17: 59.7 | P17: 3485 | Q17: 62.2 | R17: 3503 | S17: 64 | T17: 3405 | U17: 68.8 | V17: 3482 | W17: 68.4
A18: Redcar and Cleveland | B18: E06000003 | C18: 1863 | D18: 62.1 | E18: 1905 | F18: 62.7 | G18: 1813 | H18: 63.5 | I18: 1712 | J18: 59.7 | K18: 1795 | L18: 63.2 | N18: 1856 | O18: 53.4 | P18: 1906 | Q18: 56.5 | R18: 1814 | S18: 55.8 | T18: 1706 | U18: 63.7 | V18: 1799 | W18: 60.3
A19: South Tyneside | B19: E08000023 | C19: 1825 | D19: 62.5 | E19: 1705 | F19: 72 | G19: 1687 | H19: 71.4 | I19: 1683 | J19: 68.9 | K19: 1650 | L19: 68.6 | N19: 1820 | O19: 48.7 | P19: 1699 | Q19: 54 | R19: 1686 | S19: 58.4 | T19: 1688 | U19: 66.6 | V19: 1650 | W19: 70.5
A20: Stockton-on-Tees | B20: E06000004 | C20: 2338 | D20: 61.5 | E20: 2234 | F20: 62.5 | G20: 2151 | H20: 70.1 | I20: 2088 | J20: 63.1 | K20: 2103 | L20: 63.5 | N20: 2337 | O20: 53.2 | P20: 2234 | Q20: 57 | R20: 2156 | S20: 59.6 | T20: 2100 | U20: 57.7 | V20: 2103 | W20: 63.9
... A107: Camden | B107: E09000007 | C107: 1359 | D107: 72.8 | E107: 1419 | F107: 74.3 | G107: 1397 | H107: 78.2 | I107: 1404 | J107: 75 | K107: 1440 | L107: 75.1 | N107: 1362 | O107: 60.2 | P107: 1424 | Q107: 66.6 | R107: 1405 | S107: 72.6 | T107: 1409 | U107: 72.7 | V107: 1439 | W107: 73.2
A108: City of London | B108: E09000001 | C108: . | D108: . | E108: . | F108: . | G108: . | H108: . | I108: . | J108: . | K108: . | L108: . | N108: . | O108: . | P108: . | Q108: . | R108: . | S108: . | T108: . | U108: . | V108: . | W108: .
A109: Hackney | B109: E09000012 | C109: 1234 | D109: 71.4 | E109: 1214 | F109: 79.5 | G109: 1350 | H109: 79 | I109: 1462 | J109: 78.2 | K109: 1534 | L109: 77.8 | N109: 1245 | O109: 70.4 | P109: 1225 | Q109: 70.8 | R109: 1361 | S109: 73.1 | T109: 1478 | U109: 78.6 | V109: 1548 | W109: 80.2
A110: Hammersmith and Fulham | B110: E09000013 | C110: 937 | D110: 78.8 | E110: 919 | F110: 87.9 | G110: 946 | H110: 84 | I110: 995 | J110: 77.4 | K110: 1053 | L110: 73.9 | N110: 955 | O110: 79.2 | P110: 937 | Q110: 82.7 | R110: 965 | S110: 85.7 | T110: 1012 | U110: 82.3 | V110: 1084 | W110: 83
A111: Haringey | B111: E09000014 | C111: 1934 | D111: 68.3 | E111: 1938 | F111: 70.4 | G111: 1837 | H111: 78.7 | I111: 1925 | J111: 75.1 | K111: 1984 | L111: 79.1 | N111: 1954 | O111: 67.2 | P111: 1967 | Q111: 67.6 | R111: 1898 | S111: 73.6 | T111: 1942 | U111: 77.7 | V111: 2013 | W111: 81.1
A112: Islington | B112: E09000019 | C112: 1287 | D112: 70.3 | E112: 1284 | F112: 70.7 | G112: 1208 | H112: 69.1 | I112: 1353 | J112: 69.6 | K112: 1327 | L112: 79.8 | N112: 1298 | O112: 63.3 | P112: 1303 | Q112: 67.8 | R112: 1230 | S112: 69.8 | T112: 1372 | U112: 72.4 | V112: 1345 | W112: 81.3
A113: Kensington and Chelsea | B113: E09000020 | C113: 546 | D113: 75.5 | E113: 533 | F113: 80.3 | G113: 551 | H113: 86.4 | I113: 581 | J113: 86.1 | K113: 585 | L113: 87.9 | N113: 548 | O113: 70.8 | P113: 534 | Q113: 78.7 | R113: 556 | S113: 80.6 | T113: 583 | U113: 83 | V113: 582 | W113: 84.7
A114: Lambeth | B114: E09000022 | C114: 1382 | D114: 71.6 | E114: 1449 | F114: 71.2 | G114: 1459 | H114: 75.4 | I114: 1613 | J114: 77.2 | K114: 1736 | L114: 78.2 | N114: 1419 | O114: 65.8 | P114: 1473 | Q114: 69 | R114: 1487 | S114: 73.8 | T114: 1622 | U114: 78.4 | V114: 1759 | W114: 80.6
A115: Lewisham | B115: E09000023 | C115: 1924 | D115: 69.3 | E115: 1978 | F115: 68.1 | G115: 1956 | H115: 75.2 | I115: 2042 | J115: 71.1 | K115: 2148 | L115: 73.5 | N115: 1947 | O115: 61 | P115: 2013 | Q115: 59.3 | R115: 1978 | S115: 70.4 | T115: 2057 | U115: 70 | V115: 2161 | W115: 72.1
A116: Newham | B116: E09000025 | C116: 3075 | D116: 68.6 | E116: 3019 | F116: 69.3 | G116: 2946 | H116: 75.7 | I116: 3175 | J116: 76.3 | K116: 3197 | L116: 77.5 | N116: 3131 | O116: 63.9 | P116: 3080 | Q116: 69.1 | R116: 2995 | S116: 75.5 | T116: 3213 | U116: 78 | V116: 3269 | W116: 77.1
A117: Southwark | B117: E09000028 | C117: 2097 | D117: 67.1 | E117: 2073 | F117: 75.7 | G117: 2065 | H117: 76.6 | I117: 2052 | J117: 76.8 | K117: 2114 | L117: 81.6 | N117: 2120 | O117: 63.4 | P117: 2113 | Q117: 71.1 | R117: 2106 | S117: 73.3 | T117: 2085 | U117: 76.8 | V117: 2143 | W117: 79.9
A118: Tower Hamlets | B118: E09000030 | C118: 2164 | D118: 63.5 | E118: 2228 | F118: 69.4 | G118: 2361 | H118: 76.1 | I118: 2246 | J118: 73.3 | K118: 2376 | L118: 78.6 | N118: 2188 | O118: 58.1 | P118: 2254 | Q118: 64.7 | R118: 2381 | S118: 70.8 | T118: 2276 | U118: 74.6 | V118: 2388 | W118: 75.3
A119: Wandsworth | B119: E09000032 | C119: 1632 | D119: 73.8 | E119: 1630 | F119: 78.8 | G119: 1630 | H119: 81 | I119: 1621 | J119: 72.9 | K119: 1648 | L119: 76 | N119: 1662 | O119: 67.3 | P119: 1660 | Q119: 71.8 | R119: 1655 | S119: 75.7 | T119: 1644 | U119: 75.6 | V119: 1670 | W119: 79.5
A120: Westminster | B120: E09000033 | C120: 1175 | D120: 72.1 | E120: 1253 | F120: 82.7 | G120: 1255 | H120: 86.3 | I120: 1275 | J120: 82.3 | K120: 1327 | L120: 85.3 | N120: 1207 | O120: 67.3 | P120: 1271 | Q120: 75.7 | R120: 1265 | S120: 76 | T120: 1311 | U120: 85.4 | V120: 1348 | W120: 81.8
... A180: Wiltshire | B180: E06000054 | C180: 4902 | D180: 72 | E180: 5059 | F180: 72.6 | G180: 4921 | H180: 74.8 | I180: 4783 | J180: 67.5 | K180: 5051 | L180: 70.8 | N180: 4902 | O180: 66.4 | P180: 5065 | Q180: 67.6 | R180: 4909 | S180: 71.2 | T180: 4764 | U180: 71.6 | V180: 5060 | W180: 75.3
A182: Total (state-funded mainstream sector)3 | C182: 550059 | D182: 66.4 | E182: 550723 | F182: 71 | G182: 534529 | H182: 73.1 | I182: 531424 | J182: 69.3 | K182: 542852 | L182: 71.7 | N182: 551818 | O182: 59.3 | P182: 552487 | Q182: 63.4 | R182: 536283 | S182: 65.9 | T182: 533218 | U182: 69.9 | V182: 545141 | W182: 72
A184: England3 | B184: E92000001 | C184: 556252 | D184: 65.7 | E184: 556264 | F184: 70.4 | G184: 535527 | H184: 73 | I184: 532453 | J184: 69.2 | K184: 543868 | L184: 71.6 | N184: 557674 | O184: 58.8 | P184: 557651 | Q184: 62.9 | R184: 537072 | S184: 65.9 | T184: 533969 | U184: 69.8 | V184: 546038 | W184: 71.9
W186: Source: Key Stage 4 attainment data
A187: 1. State-funded mainstream schools include academies, free schools and city technology colleges but exclude state-funded special schools, independent schools, independent special schools, non-maintained special schools, hospital schools and alternative provision including academy and free school alternative provision and pupil referral units.
A188: 2. A full explanation of how expected progress is calculated is included in the technical notes in this SFR.
A189: 3. Local authority, region and the Total (state-funded mainstream sector) figures do not include pupils recently arrived from overseas.
A190: 4. Figures for 2012/13 are revised, all other years are final.
A192: . Not applicable.
A204: Vlookup | B204: =VLOOKUP('Table 19'!K3,A205:B206,2,0) -> 1 | C204: =IF(B204=1,0,11) -> 0
A205: English | B205: 1
A206: Mathematics | B206: 2

Sheet Table 20
A1: Table 20: Percentage of pupils in state-funded schools1 making expected progress2 in English and mathematics between key stage 2 and key stage 4, by local authority and region3
A2: Year: 2008/09 to 2012/134 | K2: Please select criteria
A3: Coverage: England | K3: English
B4: =IF(K3="English",0,11) -> 0
A5: Region/ Local Authority | B5: Region/ Local Authority number | C5: =K3 -> English
C6: 2008/09 | E6: 2009/10 | G6: 2010/11 | I6: 2011/12 | K6: 2012/13
C7: Number of eligible pupils | D7: Percentage making expected progress | E7: Number of eligible pupils | F7: Percentage making expected progress | G7: Number of eligible pupils | H7: Percentage making expected progress | I7: Number of eligible pupils | J7: Percentage making expected progress | K7: Number of eligible pupils | L7: Percentage making expected progress
A9: North East | B9: E12000001 | C9: =VLOOKUP($A9,'Table 20 data'!$A$9:$W$184,$B$4+'Table 20 data'!C$4,0) -> 30209 | D9: =VLOOKUP($A9,'Table 20 data'!$A$9:$W$184,$B$4+'Table 20 data'!D$4,0) -> 60.9 | E9: =VLOOKUP($A9,'Table 20 data'!$A$9:$W$184,$B$4+'Table 20 data'!E$4,0) -> 29058 | F9: =VLOOKUP($A9,'Table 20 data'!$A$9:$W$184,$B$4+'Table 20 data'!F$4,0) -> 65.2 | G9: =VLOOKUP($A9,'Table 20 data'!$A$9:$W$184,$B$4+'Table 20 data'!G$4,0) -> 28733 | H9: =VLOOKUP($A9,'Table 20 data'!$A$9:$W$184,$B$4+'Table 20 data'!H$4,0) -> 68.3 | I9: =VLOOKUP($A9,'Table 20 data'!$A$9:$W$184,$B$4+'Table 20 data'!I$4,0) -> 27905 | J9: =VLOOKUP($A9,'Table 20 data'!$A$9:$W$184,$B$4+'Table 20 data'!J$4,0) -> 65.8 | ... L9: =VLOOKUP($A9,'Table 20 data'!$A$9:$W$184,$B$4+'Table 20 data'!L$4,0) -> 67
A10: County Durham | B10: E06000047 | C10: =VLOOKUP($A10,'Table 20 data'!$A$9:$W$184,$B$4+'Table 20 data'!C$4,0) -> 5682 | D10: =VLOOKUP($A10,'Table 20 data'!$A$9:$W$184,$B$4+'Table 20 data'!D$4,0) -> 63.2 | E10: =VLOOKUP($A10,'Table 20 data'!$A$9:$W$184,$B$4+'Table 20 data'!E$4,0) -> 5462 | F10: =VLOOKUP($A10,'Table 20 data'!$A$9:$W$184,$B$4+'Table 20 data'!F$4,0) -> 69.5 | G10: =VLOOKUP($A10,'Table 20 data'!$A$9:$W$184,$B$4+'Table 20 data'!G$4,0) -> 5440 | H10: =VLOOKUP($A10,'Table 20 data'!$A$9:$W$184,$B$4+'Table 20 data'!H$4,0) -> 73.2 | I10: =VLOOKUP($A10,'Table 20 data'!$A$9:$W$184,$B$4+'Table 20 data'!I$4,0) -> 5384 | J10: =VLOOKUP($A10,'Table 20 data'!$A$9:$W$184,$B$4+'Table 20 data'!J$4,0) -> 71.5 | ... L10: =VLOOKUP($A10,'Table 20 data'!$A$9:$W$184,$B$4+'Table 20 data'!L$4,0) -> 72.7
A11: Darlington | B11: E06000005 | C11: =VLOOKUP($A11,'Table 20 data'!$A$9:$W$184,$B$4+'Table 20 data'!C$4,0) -> 1165 | D11: =VLOOKUP($A11,'Table 20 data'!$A$9:$W$184,$B$4+'Table 20 data'!D$4,0) -> 59.2 | E11: =VLOOKUP($A11,'Table 20 data'!$A$9:$W$184,$B$4+'Table 20 data'!E$4,0) -> 1115 | F11: =VLOOKUP($A11,'Table 20 data'!$A$9:$W$184,$B$4+'Table 20 data'!F$4,0) -> 66.5 | G11: =VLOOKUP($A11,'Table 20 data'!$A$9:$W$184,$B$4+'Table 20 data'!G$4,0) -> 1095 | H11: =VLOOKUP($A11,'Table 20 data'!$A$9:$W$184,$B$4+'Table 20 data'!H$4,0) -> 74.4 | I11: =VLOOKUP($A11,'Table 20 data'!$A$9:$W$184,$B$4+'Table 20 data'!I$4,0) -> 1111 | J11: =VLOOKUP($A11,'Table 20 data'!$A$9:$W$184,$B$4+'Table 20 data'!J$4,0) -> 67.1 | ... L11: =VLOOKUP($A11,'Table 20 data'!$A$9:$W$184,$B$4+'Table 20 data'!L$4,0) -> 74.4
A12: Gateshead | B12: E08000020 | C12: =VLOOKUP($A12,'Table 20 data'!$A$9:$W$184,$B$4+'Table 20 data'!C$4,0) -> 2132 | D12: =VLOOKUP($A12,'Table 20 data'!$A$9:$W$184,$B$4+'Table 20 data'!D$4,0) -> 64.1 | E12: =VLOOKUP($A12,'Table 20 data'!$A$9:$W$184,$B$4+'Table 20 data'!E$4,0) -> 2087 | F12: =VLOOKUP($A12,'Table 20 data'!$A$9:$W$184,$B$4+'Table 20 data'!F$4,0) -> 66.2 | G12: =VLOOKUP($A12,'Table 20 data'!$A$9:$W$184,$B$4+'Table 20 data'!G$4,0) -> 2174 | H12: =VLOOKUP($A12,'Table 20 data'!$A$9:$W$184,$B$4+'Table 20 data'!H$4,0) -> 72.2 | I12: =VLOOKUP($A12,'Table 20 data'!$A$9:$W$184,$B$4+'Table 20 data'!I$4,0) -> 2096 | J12: =VLOOKUP($A12,'Table 20 data'!$A$9:$W$184,$B$4+'Table 20 data'!J$4,0) -> 67.7 | ... L12: =VLOOKUP($A12,'Table 20 data'!$A$9:$W$184,$B$4+'Table 20 data'!L$4,0) -> 67.1
A13: Hartlepool | B13: E06000001 | C13: =VLOOKUP($A13,'Table 20 data'!$A$9:$W$184,$B$4+'Table 20 data'!C$4,0) -> 1232 | D13: =VLOOKUP($A13,'Table 20 data'!$A$9:$W$184,$B$4+'Table 20 data'!D$4,0) -> 57.1 | E13: =VLOOKUP($A13,'Table 20 data'!$A$9:$W$184,$B$4+'Table 20 data'!E$4,0) -> 1239 | F13: =VLOOKUP($A13,'Table 20 data'!$A$9:$W$184,$B$4+'Table 20 data'!F$4,0) -> 55 | G13: =VLOOKUP($A13,'Table 20 data'!$A$9:$W$184,$B$4+'Table 20 data'!G$4,0) -> 1273 | H13: =VLOOKUP($A13,'Table 20 data'!$A$9:$W$184,$B$4+'Table 20 data'!H$4,0) -> 61.7 | I13: =VLOOKUP($A13,'Table 20 data'!$A$9:$W$184,$B$4+'Table 20 data'!I$4,0) -> 1152 | J13: =VLOOKUP($A13,'Table 20 data'!$A$9:$W$184,$B$4+'Table 20 data'!J$4,0) -> 49.7 | ... L13: =VLOOKUP($A13,'Table 20 data'!$A$9:$W$184,$B$4+'Table 20 data'!L$4,0) -> 62.5
A14: Middlesbrough | B14: E06000002 | C14: =VLOOKUP($A14,'Table 20 data'!$A$9:$W$184,$B$4+'Table 20 data'!C$4,0) -> 1704 | D14: =VLOOKUP($A14,'Table 20 data'!$A$9:$W$184,$B$4+'Table 20 data'!D$4,0) -> 50.4 | E14: =VLOOKUP($A14,'Table 20 data'!$A$9:$W$184,$B$4+'Table 20 data'!E$4,0) -> 1658 | F14: =VLOOKUP($A14,'Table 20 data'!$A$9:$W$184,$B$4+'Table 20 data'!F$4,0) -> 56.6 | G14: =VLOOKUP($A14,'Table 20 data'!$A$9:$W$184,$B$4+'Table 20 data'!G$4,0) -> 1572 | H14: =VLOOKUP($A14,'Table 20 data'!$A$9:$W$184,$B$4+'Table 20 data'!H$4,0) -> 55.5 | I14: =VLOOKUP($A14,'Table 20 data'!$A$9:$W$184,$B$4+'Table 20 data'!I$4,0) -> 1462 | J14: =VLOOKUP($A14,'Table 20 data'!$A$9:$W$184,$B$4+'Table 20 data'!J$4,0) -> 53.9 | ... L14: =VLOOKUP($A14,'Table 20 data'!$A$9:$W$184,$B$4+'Table 20 data'!L$4,0) -> 60.1
A15: Newcastle upon Tyne | B15: E08000021 | C15: =VLOOKUP($A15,'Table 20 data'!$A$9:$W$184,$B$4+'Table 20 data'!C$4,0) -> 2637 | D15: =VLOOKUP($A15,'Table 20 data'!$A$9:$W$184,$B$4+'Table 20 data'!D$4,0) -> 54.6 | E15: =VLOOKUP($A15,'Table 20 data'!$A$9:$W$184,$B$4+'Table 20 data'!E$4,0) -> 2445 | F15: =VLOOKUP($A15,'Table 20 data'!$A$9:$W$184,$B$4+'Table 20 data'!F$4,0) -> 63.4 | G15: =VLOOKUP($A15,'Table 20 data'!$A$9:$W$184,$B$4+'Table 20 data'!G$4,0) -> 2429 | H15: =VLOOKUP($A15,'Table 20 data'!$A$9:$W$184,$B$4+'Table 20 data'!H$4,0) -> 63.9 | I15: =VLOOKUP($A15,'Table 20 data'!$A$9:$W$184,$B$4+'Table 20 data'!I$4,0) -> 2299 | J15: =VLOOKUP($A15,'Table 20 data'!$A$9:$W$184,$B$4+'Table 20 data'!J$4,0) -> 68.2 | ... L15: =VLOOKUP($A15,'Table 20 data'!$A$9:$W$184,$B$4+'Table 20 data'!L$4,0) -> 65.6
A16: North Tyneside | B16: E08000022 | C16: =VLOOKUP($A16,'Table 20 data'!$A$9:$W$184,$B$4+'Table 20 data'!C$4,0) -> 2269 | D16: =VLOOKUP($A16,'Table 20 data'!$A$9:$W$184,$B$4+'Table 20 data'!D$4,0) -> 68 | E16: =VLOOKUP($A16,'Table 20 data'!$A$9:$W$184,$B$4+'Table 20 data'!E$4,0) -> 2125 | F16: =VLOOKUP($A16,'Table 20 data'!$A$9:$W$184,$B$4+'Table 20 data'!F$4,0) -> 67.9 | G16: =VLOOKUP($A16,'Table 20 data'!$A$9:$W$184,$B$4+'Table 20 data'!G$4,0) -> 2140 | H16: =VLOOKUP($A16,'Table 20 data'!$A$9:$W$184,$B$4+'Table 20 data'!H$4,0) -> 71.8 | I16: =VLOOKUP($A16,'Table 20 data'!$A$9:$W$184,$B$4+'Table 20 data'!I$4,0) -> 2117 | J16: =VLOOKUP($A16,'Table 20 data'!$A$9:$W$184,$B$4+'Table 20 data'!J$4,0) -> 64.8 | ... L16: =VLOOKUP($A16,'Table 20 data'!$A$9:$W$184,$B$4+'Table 20 data'!L$4,0) -> 71.9
A17: Northumberland | B17: E06000048 | C17: =VLOOKUP($A17,'Table 20 data'!$A$9:$W$184,$B$4+'Table 20 data'!C$4,0) -> 3729 | D17: =VLOOKUP($A17,'Table 20 data'!$A$9:$W$184,$B$4+'Table 20 data'!D$4,0) -> 65.9 | E17: =VLOOKUP($A17,'Table 20 data'!$A$9:$W$184,$B$4+'Table 20 data'!E$4,0) -> 3542 | F17: =VLOOKUP($A17,'Table 20 data'!$A$9:$W$184,$B$4+'Table 20 data'!F$4,0) -> 70.1 | G17: =VLOOKUP($A17,'Table 20 data'!$A$9:$W$184,$B$4+'Table 20 data'!G$4,0) -> 3558 | H17: =VLOOKUP($A17,'Table 20 data'!$A$9:$W$184,$B$4+'Table 20 data'!H$4,0) -> 68.9 | I17: =VLOOKUP($A17,'Table 20 data'!$A$9:$W$184,$B$4+'Table 20 data'!I$4,0) -> 3471 | J17: =VLOOKUP($A17,'Table 20 data'!$A$9:$W$184,$B$4+'Table 20 data'!J$4,0) -> 66.7 | ... L17: =VLOOKUP($A17,'Table 20 data'!$A$9:$W$184,$B$4+'Table 20 data'!L$4,0) -> 62.2
A18: Redcar and Cleveland | B18: E06000003 | C18: =VLOOKUP($A18,'Table 20 data'!$A$9:$W$184,$B$4+'Table 20 data'!C$4,0) -> 1896 | D18: =VLOOKUP($A18,'Table 20 data'!$A$9:$W$184,$B$4+'Table 20 data'!D$4,0) -> 61 | E18: =VLOOKUP($A18,'Table 20 data'!$A$9:$W$184,$B$4+'Table 20 data'!E$4,0) -> 1927 | F18: =VLOOKUP($A18,'Table 20 data'!$A$9:$W$184,$B$4+'Table 20 data'!F$4,0) -> 62.1 | G18: =VLOOKUP($A18,'Table 20 data'!$A$9:$W$184,$B$4+'Table 20 data'!G$4,0) -> 1845 | H18: =VLOOKUP($A18,'Table 20 data'!$A$9:$W$184,$B$4+'Table 20 data'!H$4,0) -> 62.4 | I18: =VLOOKUP($A18,'Table 20 data'!$A$9:$W$184,$B$4+'Table 20 data'!I$4,0) -> 1742 | J18: =VLOOKUP($A18,'Table 20 data'!$A$9:$W$184,$B$4+'Table 20 data'!J$4,0) -> 58.7 | ... L18: =VLOOKUP($A18,'Table 20 data'!$A$9:$W$184,$B$4+'Table 20 data'!L$4,0) -> 61.9
A19: South Tyneside | B19: E08000023 | C19: =VLOOKUP($A19,'Table 20 data'!$A$9:$W$184,$B$4+'Table 20 data'!C$4,0) -> 1895 | D19: =VLOOKUP($A19,'Table 20 data'!$A$9:$W$184,$B$4+'Table 20 data'!D$4,0) -> 60.7 | E19: =VLOOKUP($A19,'Table 20 data'!$A$9:$W$184,$B$4+'Table 20 data'!E$4,0) -> 1765 | F19: =VLOOKUP($A19,'Table 20 data'!$A$9:$W$184,$B$4+'Table 20 data'!F$4,0) -> 69.7 | G19: =VLOOKUP($A19,'Table 20 data'!$A$9:$W$184,$B$4+'Table 20 data'!G$4,0) -> 1768 | H19: =VLOOKUP($A19,'Table 20 data'!$A$9:$W$184,$B$4+'Table 20 data'!H$4,0) -> 68.6 | I19: =VLOOKUP($A19,'Table 20 data'!$A$9:$W$184,$B$4+'Table 20 data'!I$4,0) -> 1751 | J19: =VLOOKUP($A19,'Table 20 data'!$A$9:$W$184,$B$4+'Table 20 data'!J$4,0) -> 66.5 | ... L19: =VLOOKUP($A19,'Table 20 data'!$A$9:$W$184,$B$4+'Table 20 data'!L$4,0) -> 66.8
A20: Stockton-on-Tees | B20: E06000004 | C20: =VLOOKUP($A20,'Table 20 data'!$A$9:$W$184,$B$4+'Table 20 data'!C$4,0) -> 2403 | D20: =VLOOKUP($A20,'Table 20 data'!$A$9:$W$184,$B$4+'Table 20 data'!D$4,0) -> 59.9 | E20: =VLOOKUP($A20,'Table 20 data'!$A$9:$W$184,$B$4+'Table 20 data'!E$4,0) -> 2284 | F20: =VLOOKUP($A20,'Table 20 data'!$A$9:$W$184,$B$4+'Table 20 data'!F$4,0) -> 61.3 | G20: =VLOOKUP($A20,'Table 20 data'!$A$9:$W$184,$B$4+'Table 20 data'!G$4,0) -> 2219 | H20: =VLOOKUP($A20,'Table 20 data'!$A$9:$W$184,$B$4+'Table 20 data'!H$4,0) -> 68.1 | I20: =VLOOKUP($A20,'Table 20 data'!$A$9:$W$184,$B$4+'Table 20 data'!I$4,0) -> 2144 | J20: =VLOOKUP($A20,'Table 20 data'!$A$9:$W$184,$B$4+'Table 20 data'!J$4,0) -> 61.4 | ... L20: =VLOOKUP($A20,'Table 20 data'!$A$9:$W$184,$B$4+'Table 20 data'!L$4,0) -> 61.9
... A180: Wiltshire | B180: E06000054 | C180: =VLOOKUP($A180,'Table 20 data'!$A$9:$W$184,$B$4+'Table 20 data'!C$4,0) -> 4980 | D180: =VLOOKUP($A180,'Table 20 data'!$A$9:$W$184,$B$4+'Table 20 data'!D$4,0) -> 70.9 | E180: =VLOOKUP($A180,'Table 20 data'!$A$9:$W$184,$B$4+'Table 20 data'!E$4,0) -> 5145 | F180: =VLOOKUP($A180,'Table 20 data'!$A$9:$W$184,$B$4+'Table 20 data'!F$4,0) -> 71.5 | G180: =VLOOKUP($A180,'Table 20 data'!$A$9:$W$184,$B$4+'Table 20 data'!G$4,0) -> 4992 | H180: =VLOOKUP($A180,'Table 20 data'!$A$9:$W$184,$B$4+'Table 20 data'!H$4,0) -> 73.8 | I180: =VLOOKUP($A180,'Table 20 data'!$A$9:$W$184,$B$4+'Table 20 data'!I$4,0) -> 4847 | J180: =VLOOKUP($A180,'Table 20 data'!$A$9:$W$184,$B$4+'Table 20 data'!J$4,0) -> 66.7 | ... L180: =VLOOKUP($A180,'Table 20 data'!$A$9:$W$184,$B$4+'Table 20 data'!L$4,0) -> 69.7
A182: Total (state-funded sector)3 | C182: =VLOOKUP($A182,'Table 20 data'!$A$9:$W$184,$B$4+'Table 20 data'!C$4,0) -> 559641 | D182: =VLOOKUP($A182,'Table 20 data'!$A$9:$W$184,$B$4+'Table 20 data'!D$4,0) -> 65.3 | E182: =VLOOKUP($A182,'Table 20 data'!$A$9:$W$184,$B$4+'Table 20 data'!E$4,0) -> 560246 | F182: =VLOOKUP($A182,'Table 20 data'!$A$9:$W$184,$B$4+'Table 20 data'!F$4,0) -> 69.9 | G182: =VLOOKUP($A182,'Table 20 data'!$A$9:$W$184,$B$4+'Table 20 data'!G$4,0) -> 543785 | H182: =VLOOKUP($A182,'Table 20 data'!$A$9:$W$184,$B$4+'Table 20 data'!H$4,0) -> 72 | I182: =VLOOKUP($A182,'Table 20 data'!$A$9:$W$184,$B$4+'Table 20 data'!I$4,0) -> 540934 | J182: =VLOOKUP($A182,'Table 20 data'!$A$9:$W$184,$B$4+'Table 20 data'!J$4,0) -> 68.2 | ... L182: =VLOOKUP($A182,'Table 20 data'!$A$9:$W$184,$B$4+'Table 20 data'!L$4,0) -> 70.5
A184: England3 | B184: E92000001 | C184: =VLOOKUP($A184,'Table 20 data'!$A$9:$W$184,$B$4+'Table 20 data'!C$4,0) -> 566092 | D184: =VLOOKUP($A184,'Table 20 data'!$A$9:$W$184,$B$4+'Table 20 data'!D$4,0) -> 64.7 | E184: =VLOOKUP($A184,'Table 20 data'!$A$9:$W$184,$B$4+'Table 20 data'!E$4,0) -> 565890 | F184: =VLOOKUP($A184,'Table 20 data'!$A$9:$W$184,$B$4+'Table 20 data'!F$4,0) -> 69.3 | G184: =VLOOKUP($A184,'Table 20 data'!$A$9:$W$184,$B$4+'Table 20 data'!G$4,0) -> 544784 | H184: =VLOOKUP($A184,'Table 20 data'!$A$9:$W$184,$B$4+'Table 20 data'!H$4,0) -> 71.8 | I184: =VLOOKUP($A184,'Table 20 data'!$A$9:$W$184,$B$4+'Table 20 data'!I$4,0) -> 541963 | J184: =VLOOKUP($A184,'Table 20 data'!$A$9:$W$184,$B$4+'Table 20 data'!J$4,0) -> 68 | ... L184: =VLOOKUP($A184,'Table 20 data'!$A$9:$W$184,$B$4+'Table 20 data'!L$4,0) -> 70.4
L186: Source: Key stage 4 attainment data
A187: 1. State-funded schools include academies, free schools, city technology colleges and state-funded special schools but exclude independent schools, independent special schools, non-maintained special schools, hospital schools and alternative provision including academy and free school alternative provision and pupil referral units.
A188: 2. A full explanation of how expected progress is calculated is included in the technical notes in this SFR.
A189: 3. Local authority, region and the Total (state-funded sector) figures cover achievements in state-funded schools only. They do not include pupils recently arrived from overseas and so will not match with state-funded figures in the main tables and the 'England' line above which include all pupils.
A190: 4. Figures for 2012/13 are revised, all other years are final.
A191: 5. Figures for Bracknell Forest local authority, South East region and Total (state-funded sector) have been updated as of March 2014 to include previously missing GCSE mathematics results.
A193: . Not applicable.

Sheet Table 21
A1: Table 21: Number of schools1,2 below the floor standard by local authority and region
A2: Year: 2012/13 (Revised)
A3: Coverage: England
A5: A school is below the floor standard if less than 40% of pupils achieve 5+A*-C including English and mathematics and the expected progress between key stage 2 and key stage 4 is less than the median of 73% in English and less than the median of 73% in mathematics.
A7: Region/ Local Authority | B7: Region/ Local Authority number | C7: Total number of schools | D7: Number of schools below the floor standard | E7: Percentage of schools below the floor standard
A9: North East | B9: E12000001 | C9: 144 | D9: 14 | E9: 9.7
A10: County Durham | B10: E06000047 | C10: 33 | D10: 2 | E10: 6.1
A11: Darlington | B11: E06000005 | C11: 7 | D11: 0 | E11: 0
A12: Gateshead | B12: E08000020 | C12: 9 | D12: 1 | E12: 11.1
A13: Hartlepool | B13: E06000001 | C13: 4 | D13: 0 | E13: 0
A14: Middlesbrough | B14: E06000002 | C14: 6 | D14: 1 | E14: 16.7
A15: Newcastle upon Tyne | B15: E08000021 | C15: 11 | D15: 1 | E15: 9.1
A16: North Tyneside | B16: E08000022 | C16: 11 | D16: 0 | E16: 0
A17: Northumberland | B17: E06000048 | C17: 15 | D17: 4 | E17: 26.7
A18: Redcar and Cleveland | B18: E06000003 | C18: 11 | D18: 1 | E18: 9.1
A19: South Tyneside | B19: E08000023 | C19: 9 | D19: 1 | E19: 11.1
A20: Stockton-on-Tees | B20: E06000004 | C20: 10 | D20: 1 | E20: 10
... A107: Camden | B107: E09000007 | C107: 9 | D107: 0 | E107: 0
A108: City of London | B108: E09000001 | C108: . | D108: . | E108: .
A109: Hackney | B109: E09000012 | C109: 11 | D109: 0 | E109: 0
A110: Hammersmith and Fulham | B110: E09000013 | C110: 8 | D110: 1 | E110: 12.5
A111: Haringey | B111: E09000014 | C111: 10 | D111: 0 | E111: 0
A112: Islington | B112: E09000019 | C112: 10 | D112: 0 | E112: 0
A113: Kensington and Chelsea | B113: E09000020 | C113: 4 | D113: 0 | E113: 0
A114: Lambeth | B114: E09000022 | C114: 13 | D114: 0 | E114: 0
A115: Lewisham | B115: E09000023 | C115: 13 | D115: 1 | E115: 7.7
A116: Newham | B116: E09000025 | C116: 15 | D116: 0 | E116: 0
A117: Southwark | B117: E09000028 | C117: 14 | D117: 0 | E117: 0
A118: Tower Hamlets | B118: E09000030 | C118: 15 | D118: 0 | E118: 0
A119: Wandsworth | B119: E09000032 | C119: 10 | D119: 0 | E119: 0
A120: Westminster | B120: E09000033 | C120: 9 | D120: 0 | E120: 0
... A180: Wiltshire | B180: E06000054 | C180: 28 | D180: 1 | E180: 3.6
A182: Total (state-funded mainstream sector)1,2 | C182: 2919 | D182: 154 | E182: 5.3
E184: Source: 2012/13 key stage 4 attainment data (Revised)
A185: 1. Including only those state-funded mainstream schools with results published in the relevant year's Secondary School Performance Tables. The standard excludes special schools, schools with fewer than 11 pupils and closed schools.
A186: 2. State-funded mainstream schools include academies, free schools and city technology colleges but exclude state-funded special schools, independent schools, independent special schools, non-maintained special schools, hospital schools and alternative provision including academy and free school alternative provision and pupil referral units.
A187: 3. Results for Bracknell Forest are affected by more than 100 missing GCSE mathematics results for pupils in one of its schools. The school and local authority results have been suppressed on the performance tables website and will be released once these missing results have been submitted to the Department. The Bracknell Forest figures in this SFR will also be corrected and re-published at this point.

Sheet Table 20 data
A1: Table 20: Percentage of pupils in state-funded schools1 making expected progress2 in English and mathematics between key stage 2 and key stage 4, by local authority and region3
A2: Year: 2008/09 to 2012/134
A3: Coverage: England
A4: 1 | B4: =A4+1 -> 2 | C4: =B4+1 -> 3 | D4: =C4+1 -> 4 | E4: =D4+1 -> 5 | F4: =E4+1 -> 6 | G4: =F4+1 -> 7 | H4: =G4+1 -> 8 | I4: =H4+1 -> 9 | ... W4: =V4+1 -> 23
A5: Region/ Local Authority | B5: Region/ Local Authority number | C5: English | N5: Mathematics
C6: 2008/09 | E6: 2009/10 | G6: 2010/11 | I6: 2011/12 | K6: 2012/13 | N6: 2008/09 | P6: 2009/10 | R6: 2010/11 | T6: 2011/12 | V6: 2012/13
C7: Number of eligible pupils | D7: % making expected progress | E7: Number of eligible pupils | F7: % making expected progress | G7: Number of eligible pupils | H7: % making expected progress | I7: Number of eligible pupils | J7: % making expected progress | K7: Number of eligible pupils | L7: % making expected progress | N7: Number of eligible pupils | O7: % making expected progress | P7: Number of eligible pupils | Q7: % making expected progress | R7: Number of eligible pupils | S7: % making expected progress | T7: Number of eligible pupils | U7: % making expected progress | V7: Number of eligible pupils | W7: % making expected progress
A9: North East | B9: E12000001 | C9: 30209 | D9: 60.9 | E9: 29058 | F9: 65.2 | G9: 28733 | H9: 68.3 | I9: 27905 | J9: 65.8 | K9: 28357 | L9: 67 | N9: 30229 | O9: 50.6 | P9: 29073 | Q9: 56.1 | R9: 28741 | S9: 58.4 | T9: 27954 | U9: 64.9 | V9: 28391 | W9: 66.2
A10: County Durham | B10: E06000047 | C10: 5682 | D10: 63.2 | E10: 5462 | F10: 69.5 | G10: 5440 | H10: 73.2 | I10: 5384 | J10: 71.5 | K10: 5415 | L10: 72.7 | N10: 5696 | O10: 50.7 | P10: 5456 | Q10: 54.7 | R10: 5427 | S10: 58.9 | T10: 5382 | U10: 65.1 | V10: 5421 | W10: 68.3
A11: Darlington | B11: E06000005 | C11: 1165 | D11: 59.2 | E11: 1115 | F11: 66.5 | G11: 1095 | H11: 74.4 | I11: 1111 | J11: 67.1 | K11: 1136 | L11: 74.4 | N11: 1165 | O11: 53.3 | P11: 1121 | Q11: 62.7 | R11: 1102 | S11: 65.9 | T11: 1098 | U11: 72.8 | V11: 1138 | W11: 70.7
A12: Gateshead | B12: E08000020 | C12: 2132 | D12: 64.1 | E12: 2087 | F12: 66.2 | G12: 2174 | H12: 72.2 | I12: 2096 | J12: 67.7 | K12: 2146 | L12: 67.1 | N12: 2128 | O12: 52.6 | P12: 2092 | Q12: 57.4 | R12: 2173 | S12: 61 | T12: 2106 | U12: 67 | V12: 2151 | W12: 66.3
A13: Hartlepool | B13: E06000001 | C13: 1232 | D13: 57.1 | E13: 1239 | F13: 55 | G13: 1273 | H13: 61.7 | I13: 1152 | J13: 49.7 | K13: 1156 | L13: 62.5 | N13: 1233 | O13: 49.6 | P13: 1240 | Q13: 53.9 | R13: 1275 | S13: 57.5 | T13: 1152 | U13: 62.3 | V13: 1158 | W13: 62.9
A14: Middlesbrough | B14: E06000002 | C14: 1704 | D14: 50.4 | E14: 1658 | F14: 56.6 | G14: 1572 | H14: 55.5 | I14: 1462 | J14: 53.9 | K14: 1484 | L14: 60.1 | N14: 1703 | O14: 39.2 | P14: 1660 | Q14: 49 | R14: 1573 | S14: 42.3 | T14: 1467 | U14: 51.7 | V14: 1486 | W14: 56.6
A15: Newcastle upon Tyne | B15: E08000021 | C15: 2637 | D15: 54.6 | E15: 2445 | F15: 63.4 | G15: 2429 | H15: 63.9 | I15: 2299 | J15: 68.2 | K15: 2472 | L15: 65.6 | N15: 2654 | O15: 45.4 | P15: 2458 | Q15: 55.9 | R15: 2448 | S15: 55.8 | T15: 2349 | U15: 63.3 | V15: 2483 | W15: 67.3
A16: North Tyneside | B16: E08000022 | C16: 2269 | D16: 68 | E16: 2125 | F16: 67.9 | G16: 2140 | H16: 71.8 | I16: 2117 | J16: 64.8 | K16: 2126 | L16: 71.9 | N16: 2269 | O16: 55.4 | P16: 2118 | Q16: 58.7 | R16: 2119 | S16: 61.2 | T16: 2098 | U16: 72 | V16: 2121 | W16: 72.6
A17: Northumberland | B17: E06000048 | C17: 3729 | D17: 65.9 | E17: 3542 | F17: 70.1 | G17: 3558 | H17: 68.9 | I17: 3471 | J17: 66.7 | K17: 3542 | L17: 62.2 | N17: 3741 | O17: 58.8 | P17: 3546 | Q17: 61.1 | R17: 3548 | S17: 63.2 | T17: 3472 | U17: 67.6 | V17: 3545 | W17: 67.3
A18: Redcar and Cleveland | B18: E06000003 | C18: 1896 | D18: 61 | E18: 1927 | F18: 62.1 | G18: 1845 | H18: 62.4 | I18: 1742 | J18: 58.7 | K18: 1833 | L18: 61.9 | N18: 1889 | O18: 52.5 | P18: 1928 | Q18: 55.9 | R18: 1845 | S18: 54.9 | T18: 1737 | U18: 62.6 | V18: 1837 | W18: 59.1
A19: South Tyneside | B19: E08000023 | C19: 1895 | D19: 60.7 | E19: 1765 | F19: 69.7 | G19: 1768 | H19: 68.6 | I19: 1751 | J19: 66.5 | K19: 1704 | L19: 66.8 | N19: 1890 | O19: 47.1 | P19: 1758 | Q19: 52.3 | R19: 1766 | S19: 56.1 | T19: 1758 | U19: 64.4 | V19: 1706 | W19: 68.6
A20: Stockton-on-Tees | B20: E06000004 | C20: 2403 | D20: 59.9 | E20: 2284 | F20: 61.3 | G20: 2219 | H20: 68.1 | I20: 2144 | J20: 61.4 | K20: 2156 | L20: 61.9 | N20: 2401 | O20: 51.9 | P20: 2284 | Q20: 55.9 | R20: 2224 | S20: 57.8 | T20: 2157 | U20: 56.2 | V20: 2156 | W20: 62.3
... A107: Camden | B107: E09000007 | C107: 1382 | D107: 71.6 | E107: 1450 | F107: 72.8 | G107: 1420 | H107: 77 | I107: 1431 | J107: 73.6 | K107: 1462 | L107: 73.9 | N107: 1385 | O107: 59.2 | P107: 1454 | Q107: 65.4 | R107: 1427 | S107: 71.5 | T107: 1437 | U107: 71.3 | V107: 1461 | W107: 72.1
A108: City of London | B108: E09000001 | C108: . | D108: . | E108: . | F108: . | G108: . | H108: . | I108: . | J108: . | K108: . | L108: . | N108: . | O108: . | P108: . | Q108: . | R108: . | S108: . | T108: . | U108: . | V108: . | W108: .
A109: Hackney | B109: E09000012 | C109: 1268 | D109: 69.7 | E109: 1254 | F109: 77.4 | G109: 1388 | H109: 77.1 | I109: 1488 | J109: 76.9 | K109: 1569 | L109: 76.4 | N109: 1280 | O109: 68.7 | P109: 1267 | Q109: 68.5 | R109: 1403 | S109: 71 | T109: 1504 | U109: 77.3 | V109: 1583 | W109: 78.5
A110: Hammersmith and Fulham | B110: E09000013 | C110: 974 | D110: 76.4 | E110: 956 | F110: 85 | G110: 979 | H110: 81.7 | I110: 1035 | J110: 74.6 | K110: 1089 | L110: 71.6 | N110: 992 | O110: 76.5 | P110: 975 | Q110: 79.7 | R110: 1001 | S110: 82.6 | T110: 1052 | U110: 79.3 | V110: 1119 | W110: 80.6
A111: Haringey | B111: E09000014 | C111: 1977 | D111: 66.9 | E111: 1971 | F111: 69.3 | G111: 1865 | H111: 77.5 | I111: 1960 | J111: 73.8 | K111: 2029 | L111: 77.6 | N111: 1998 | O111: 66 | P111: 2000 | Q111: 66.7 | R111: 1924 | S111: 72.7 | T111: 1977 | U111: 76.5 | V111: 2057 | W111: 79.8
A112: Islington | B112: E09000019 | C112: 1308 | D112: 69.3 | E112: 1310 | F112: 69.4 | G112: 1242 | H112: 67.2 | I112: 1374 | J112: 68.6 | K112: 1356 | L112: 78.2 | N112: 1319 | O112: 62.3 | P112: 1330 | Q112: 66.5 | R112: 1262 | S112: 68.1 | T112: 1394 | U112: 71.2 | V112: 1374 | W112: 79.5
A113: Kensington and Chelsea | B113: E09000020 | C113: 555 | D113: 74.2 | E113: 536 | F113: 79.9 | G113: 565 | H113: 84.2 | I113: 591 | J113: 84.6 | K113: 598 | L113: 86 | N113: 557 | O113: 69.7 | P113: 537 | Q113: 78.2 | R113: 570 | S113: 78.6 | T113: 593 | U113: 81.6 | V113: 595 | W113: 82.9
A114: Lambeth | B114: E09000022 | C114: 1437 | D114: 68.9 | E114: 1514 | F114: 68.3 | G114: 1508 | H114: 73 | I114: 1679 | J114: 74.3 | K114: 1777 | L114: 76.6 | N114: 1474 | O114: 63.4 | P114: 1539 | Q114: 66.4 | R114: 1534 | S114: 71.6 | T114: 1685 | U114: 75.5 | V114: 1800 | W114: 78.8
A115: Lewisham | B115: E09000023 | C115: 1977 | D115: 67.9 | E115: 2026 | F115: 67 | G115: 2012 | H115: 73.2 | I115: 2094 | J115: 69.6 | K115: 2197 | L115: 72 | N115: 1998 | O115: 59.9 | P115: 2062 | Q115: 58.1 | R115: 2036 | S115: 68.4 | T115: 2109 | U115: 68.4 | V115: 2210 | W115: 70.5
A116: Newham | B116: E09000025 | C116: 3080 | D116: 68.5 | E116: 3020 | F116: 69.3 | G116: 2960 | H116: 75.3 | I116: 3182 | J116: 76.1 | K116: 3201 | L116: 77.4 | N116: 3136 | O116: 63.8 | P116: 3081 | Q116: 69 | R116: 3009 | S116: 75.1 | T116: 3220 | U116: 77.8 | V116: 3273 | W116: 77
A117: Southwark | B117: E09000028 | C117: 2155 | D117: 65.3 | E117: 2130 | F117: 73.8 | G117: 2115 | H117: 74.8 | I117: 2102 | J117: 75 | K117: 2161 | L117: 80.1 | N117: 2178 | O117: 61.8 | P117: 2170 | Q117: 69.4 | R117: 2155 | S117: 71.6 | T117: 2134 | U117: 75.1 | V117: 2190 | W117: 78.3
A118: Tower Hamlets | B118: E09000030 | C118: 2188 | D118: 62.8 | E118: 2255 | F118: 68.6 | G118: 2379 | H118: 75.5 | I118: 2275 | J118: 72.4 | K118: 2412 | L118: 77.5 | N118: 2212 | O118: 57.5 | P118: 2280 | Q118: 64 | R118: 2397 | S118: 70.4 | T118: 2305 | U118: 73.7 | V118: 2422 | W118: 74.3
A119: Wandsworth | B119: E09000032 | C119: 1706 | D119: 70.8 | E119: 1706 | F119: 75.3 | G119: 1715 | H119: 77.4 | I119: 1703 | J119: 69.6 | K119: 1724 | L119: 72.9 | N119: 1733 | O119: 65 | P119: 1734 | Q119: 69 | R119: 1740 | S119: 72.5 | T119: 1727 | U119: 72.2 | V119: 1748 | W119: 76
A120: Westminster | B120: E09000033 | C120: 1194 | D120: 70.9 | E120: 1274 | F120: 81.3 | G120: 1275 | H120: 84.9 | I120: 1293 | J120: 81.1 | K120: 1338 | L120: 84.8 | N120: 1226 | O120: 66.2 | P120: 1292 | Q120: 74.5 | R120: 1280 | S120: 75.2 | T120: 1329 | U120: 84.3 | V120: 1359 | W120: 81.2
... A180: Wiltshire | B180: E06000054 | C180: 4980 | D180: 70.9 | E180: 5145 | F180: 71.5 | G180: 4992 | H180: 73.8 | I180: 4847 | J180: 66.7 | K180: 5135 | L180: 69.7 | N180: 4979 | O180: 65.5 | P180: 5147 | Q180: 66.6 | R180: 4979 | S180: 70.3 | T180: 4825 | U180: 70.7 | V180: 5143 | W180: 74.1
A182: Total (state-funded sector)3 | C182: 559641 | D182: 65.3 | E182: 560246 | F182: 69.9 | G182: 543785 | H182: 72 | I182: 540934 | J182: 68.2 | K182: 552867 | L182: 70.5 | N182: 561320 | O182: 58.4 | P182: 561923 | Q182: 62.5 | R182: 545365 | S182: 64.9 | T182: 542617 | U182: 68.7 | V182: 555076 | W182: 70.8
A184: England3 | B184: E92000001 | C184: 566092 | D184: 64.7 | E184: 565890 | F184: 69.3 | G184: 544784 | H184: 71.8 | I184: 541963 | J184: 68 | K184: 553883 | L184: 70.4 | N184: 567431 | O184: 57.9 | P184: 567188 | Q184: 62 | R184: 546155 | S184: 64.8 | T184: 543368 | U184: 68.7 | V184: 555973 | W184: 70.7
W186: Source: key stage 4 attainment data
A187: 1. State-funded schools include academies, free schools, city technology colleges and state-funded special schools but exclude independent schools, independent special schools, non-maintained special schools, hospital schools and alternative provision including academy and free school alternative provision and pupil referral units.
A188: 2. A full explanation of how expected progress is calculated is included in the technical notes in this SFR.
A189: 3. Local authority, region and the Total (state-funded sector) figures cover achievements in state-funded schools only. They do not include pupils recently arrived from overseas and so will not match with state-funded figures in the main tables and the 'England' line above which include all pupils.
A190: 4. Figures for 2012/13 are revised, all other years are final.
A192: . Not applicable.
A198: Vlookup | B198: =VLOOKUP('Table 19'!#REF!,A199:B200,2,0) -> #REF! | C198: =IF(B198=1,0,11) -> #REF!
A199: English | B199: 1
A200: Mathematics | B200: 2
